trial,testing,parameters,initial_deadline,final_deadline,net_reward,actions,success
1,False,"{'a': 0.9, 'e': 0.99}",20,0,-75.80570244673636,"{0: 11, 1: 3, 2: 5, 3: 1, 4: 0}",0
2,False,"{'a': 0.9, 'e': 0.9801}",20,0,-66.65134699814232,"{0: 14, 1: 1, 2: 4, 3: 0, 4: 1}",0
3,False,"{'a': 0.9, 'e': 0.970299}",30,0,-106.81033521395709,"{0: 22, 1: 1, 2: 5, 3: 0, 4: 2}",0
4,False,"{'a': 0.9, 'e': 0.96059601}",25,0,-31.081493118442282,"{0: 22, 1: 0, 2: 2, 3: 0, 4: 1}",0
5,False,"{'a': 0.9, 'e': 0.9509900498999999}",20,0,-170.9899675693736,"{0: 11, 1: 2, 2: 3, 3: 1, 4: 3}",0
6,False,"{'a': 0.9, 'e': 0.941480149401}",25,0,-163.01929963777215,"{0: 15, 1: 1, 2: 5, 3: 2, 4: 2}",0
7,False,"{'a': 0.9, 'e': 0.9320653479069899}",20,0,10.857361410351235,"{0: 19, 1: 0, 2: 1, 3: 0, 4: 0}",0
8,False,"{'a': 0.9, 'e': 0.9227446944279201}",25,5,-99.794367012408,"{0: 13, 1: 2, 2: 3, 3: 0, 4: 2}",1
9,False,"{'a': 0.9, 'e': 0.9135172474836408}",25,0,-78.66000038977526,"{0: 17, 1: 3, 2: 4, 3: 0, 4: 1}",0
10,False,"{'a': 0.9, 'e': 0.9043820750088044}",30,0,-133.54757029450062,"{0: 21, 1: 4, 2: 2, 3: 0, 4: 3}",0
11,False,"{'a': 0.9, 'e': 0.8953382542587164}",25,0,-54.55121301033971,"{0: 18, 1: 3, 2: 3, 3: 0, 4: 1}",0
12,False,"{'a': 0.9, 'e': 0.8863848717161292}",30,0,-191.18728850644936,"{0: 14, 1: 6, 2: 6, 3: 2, 4: 2}",0
13,False,"{'a': 0.9, 'e': 0.8775210229989678}",25,0,-189.42596384908265,"{0: 13, 1: 2, 2: 5, 3: 3, 4: 2}",0
14,False,"{'a': 0.9, 'e': 0.8687458127689782}",20,0,-148.71673140625168,"{0: 11, 1: 1, 2: 4, 3: 2, 4: 2}",0
15,False,"{'a': 0.9, 'e': 0.8600583546412884}",35,0,-124.9248851616724,"{0: 23, 1: 1, 2: 9, 3: 1, 4: 1}",0
16,False,"{'a': 0.9, 'e': 0.8514577710948755}",30,0,-59.845464871334634,"{0: 20, 1: 5, 2: 4, 3: 1, 4: 0}",0
17,False,"{'a': 0.9, 'e': 0.8429431933839268}",20,0,-50.962958832162585,"{0: 12, 1: 3, 2: 5, 3: 0, 4: 0}",0
18,False,"{'a': 0.9, 'e': 0.8345137614500875}",30,0,-158.14134177209914,"{0: 18, 1: 2, 2: 7, 3: 1, 4: 2}",0
19,False,"{'a': 0.9, 'e': 0.8261686238355866}",25,0,-68.88501160133713,"{0: 18, 1: 2, 2: 4, 3: 0, 4: 1}",0
20,False,"{'a': 0.9, 'e': 0.8179069375972308}",25,0,-212.49482512407022,"{0: 14, 1: 4, 2: 1, 3: 2, 4: 4}",0
21,False,"{'a': 0.9, 'e': 0.8097278682212584}",20,9,-14.115899281589398,"{0: 7, 1: 2, 2: 2, 3: 0, 4: 0}",1
22,False,"{'a': 0.9, 'e': 0.8016305895390459}",20,13,-11.36722499301559,"{0: 5, 1: 0, 2: 2, 3: 0, 4: 0}",1
23,False,"{'a': 0.9, 'e': 0.7936142836436554}",20,0,-109.58509002873167,"{0: 12, 1: 2, 2: 3, 3: 2, 4: 1}",0
24,False,"{'a': 0.9, 'e': 0.7856781408072188}",20,0,-16.0201668978777,"{0: 15, 1: 2, 2: 3, 3: 0, 4: 0}",0
25,False,"{'a': 0.9, 'e': 0.7778213593991467}",30,0,-102.16717294442921,"{0: 22, 1: 3, 2: 3, 3: 0, 4: 2}",0
26,False,"{'a': 0.9, 'e': 0.7700431458051551}",20,0,-27.626653475348412,"{0: 15, 1: 1, 2: 4, 3: 0, 4: 0}",0
27,False,"{'a': 0.9, 'e': 0.7623427143471035}",25,0,-115.99711080221573,"{0: 15, 1: 5, 2: 3, 3: 0, 4: 2}",0
28,False,"{'a': 0.9, 'e': 0.7547192872036325}",25,5,-46.25557567418368,"{0: 16, 1: 1, 2: 2, 3: 0, 4: 1}",1
29,False,"{'a': 0.9, 'e': 0.7471720943315961}",25,0,-174.25309892284855,"{0: 16, 1: 0, 2: 5, 3: 1, 4: 3}",0
30,False,"{'a': 0.9, 'e': 0.7397003733882802}",20,0,-122.42044455424819,"{0: 10, 1: 5, 2: 3, 3: 0, 4: 2}",0
31,False,"{'a': 0.9, 'e': 0.7323033696543975}",25,0,-89.81578530586252,"{0: 16, 1: 3, 2: 4, 3: 1, 4: 1}",0
32,False,"{'a': 0.9, 'e': 0.7249803359578535}",25,0,-141.4672831145511,"{0: 18, 1: 0, 2: 4, 3: 0, 4: 3}",0
33,False,"{'a': 0.9, 'e': 0.7177305325982749}",25,0,-82.93556231139742,"{0: 19, 1: 3, 2: 1, 3: 0, 4: 2}",0
34,False,"{'a': 0.9, 'e': 0.7105532272722921}",20,0,-87.67664533266284,"{0: 13, 1: 1, 2: 4, 3: 1, 4: 1}",0
35,False,"{'a': 0.9, 'e': 0.7034476949995692}",20,5,-100.1559521625661,"{0: 9, 1: 1, 2: 3, 3: 0, 4: 2}",1
36,False,"{'a': 0.9, 'e': 0.6964132180495735}",25,18,11.943436535372804,"{0: 7, 1: 0, 2: 0, 3: 0, 4: 0}",1
37,False,"{'a': 0.9, 'e': 0.6894490858690778}",20,0,-30.148073116871636,"{0: 14, 1: 2, 2: 4, 3: 0, 4: 0}",0
38,False,"{'a': 0.9, 'e': 0.682554595010387}",25,0,-33.30901189652226,"{0: 19, 1: 0, 2: 6, 3: 0, 4: 0}",0
39,False,"{'a': 0.9, 'e': 0.6757290490602831}",25,0,-26.646395283766708,"{0: 19, 1: 3, 2: 2, 3: 1, 4: 0}",0
40,False,"{'a': 0.9, 'e': 0.6689717585696803}",20,0,-29.983005698723705,"{0: 16, 1: 1, 2: 1, 3: 2, 4: 0}",0
41,False,"{'a': 0.9, 'e': 0.6622820409839835}",30,14,-72.52743749733442,"{0: 11, 1: 0, 2: 3, 3: 1, 4: 1}",1
42,False,"{'a': 0.9, 'e': 0.6556592205741436}",20,14,-45.20981313748331,"{0: 4, 1: 0, 2: 1, 3: 0, 4: 1}",1
43,False,"{'a': 0.9, 'e': 0.6491026283684022}",20,0,-75.90350415723437,"{0: 15, 1: 1, 2: 1, 3: 2, 4: 1}",0
44,False,"{'a': 0.9, 'e': 0.6426116020847181}",25,11,-84.93284988554325,"{0: 10, 1: 0, 2: 2, 3: 0, 4: 2}",1
45,False,"{'a': 0.9, 'e': 0.6361854860638709}",20,1,-72.26166611587178,"{0: 13, 1: 1, 2: 4, 3: 0, 4: 1}",1
46,False,"{'a': 0.9, 'e': 0.6298236312032323}",25,3,-35.80641240280261,"{0: 16, 1: 1, 2: 5, 3: 0, 4: 0}",1
47,False,"{'a': 0.9, 'e': 0.6235253948912}",20,5,15.085820146604132,"{0: 14, 1: 1, 2: 0, 3: 0, 4: 0}",1
48,False,"{'a': 0.9, 'e': 0.617290140942288}",20,0,-75.91643388147494,"{0: 16, 1: 2, 2: 0, 3: 0, 4: 2}",0
49,False,"{'a': 0.9, 'e': 0.611117239532865}",30,0,-143.702560283549,"{0: 20, 1: 2, 2: 4, 3: 2, 4: 2}",0
50,False,"{'a': 0.9, 'e': 0.6050060671375364}",20,0,-42.41560439776391,"{0: 15, 1: 0, 2: 4, 3: 1, 4: 0}",0
51,False,"{'a': 0.9, 'e': 0.598956006466161}",30,0,-93.21055124835853,"{0: 21, 1: 3, 2: 3, 3: 2, 4: 1}",0
52,False,"{'a': 0.9, 'e': 0.5929664464014994}",20,0,-80.76043166322724,"{0: 9, 1: 4, 2: 6, 3: 1, 4: 0}",0
53,False,"{'a': 0.9, 'e': 0.5870367819374844}",20,0,-38.912867923720505,"{0: 16, 1: 2, 2: 1, 3: 0, 4: 1}",0
54,False,"{'a': 0.9, 'e': 0.5811664141181095}",35,7,-96.33711213820966,"{0: 19, 1: 2, 2: 5, 3: 1, 4: 1}",1
55,False,"{'a': 0.9, 'e': 0.5753547499769285}",25,7,21.596943631168795,"{0: 17, 1: 1, 2: 0, 3: 0, 4: 0}",1
56,False,"{'a': 0.9, 'e': 0.5696012024771592}",35,0,-54.60967531118024,"{0: 30, 1: 1, 2: 1, 3: 2, 4: 1}",0
57,False,"{'a': 0.9, 'e': 0.5639051904523875}",20,8,-33.48756669279787,"{0: 9, 1: 0, 2: 1, 3: 2, 4: 0}",1
58,False,"{'a': 0.9, 'e': 0.5582661385478637}",20,13,11.524015321247795,"{0: 7, 1: 0, 2: 0, 3: 0, 4: 0}",1
59,False,"{'a': 0.9, 'e': 0.5526834771623851}",30,15,-34.31983155693028,"{0: 10, 1: 0, 2: 5, 3: 0, 4: 0}",1
60,False,"{'a': 0.9, 'e': 0.5471566423907612}",20,11,-5.278783655834386,"{0: 7, 1: 1, 2: 1, 3: 0, 4: 0}",1
61,False,"{'a': 0.9, 'e': 0.5416850759668536}",20,2,-0.11007118656626957,"{0: 16, 1: 0, 2: 1, 3: 1, 4: 0}",1
62,False,"{'a': 0.9, 'e': 0.536268225207185}",20,2,-57.16250133947586,"{0: 13, 1: 2, 2: 2, 3: 0, 4: 1}",1
63,False,"{'a': 0.9, 'e': 0.5309055429551132}",20,0,-151.74104730077954,"{0: 13, 1: 1, 2: 2, 3: 1, 4: 3}",0
64,False,"{'a': 0.9, 'e': 0.525596487525562}",25,3,-118.59590517189217,"{0: 14, 1: 1, 2: 3, 3: 3, 4: 1}",1
65,False,"{'a': 0.9, 'e': 0.5203405226503064}",20,0,0.8683701428969817,"{0: 17, 1: 1, 2: 2, 3: 0, 4: 0}",1
66,False,"{'a': 0.9, 'e': 0.5151371174238033}",35,24,-6.357265980884377,"{0: 10, 1: 0, 2: 0, 3: 1, 4: 0}",1
67,False,"{'a': 0.9, 'e': 0.5099857462495653}",25,13,-79.30341793222969,"{0: 7, 1: 0, 2: 3, 3: 1, 4: 1}",1
68,False,"{'a': 0.9, 'e': 0.5048858887870696}",20,0,-41.72860857799224,"{0: 15, 1: 0, 2: 4, 3: 1, 4: 0}",0
69,False,"{'a': 0.9, 'e': 0.4998370298991989}",20,2,-48.88133897860444,"{0: 11, 1: 2, 2: 5, 3: 0, 4: 0}",1
70,False,"{'a': 0.9, 'e': 0.49483865960020695}",20,11,-44.9716172950924,"{0: 6, 1: 1, 2: 1, 3: 0, 4: 1}",1
71,False,"{'a': 0.9, 'e': 0.4898902730042049}",25,12,-38.09056157816814,"{0: 10, 1: 1, 2: 1, 3: 0, 4: 1}",1
72,False,"{'a': 0.9, 'e': 0.48499137027416284}",25,0,-46.06001490261709,"{0: 20, 1: 1, 2: 3, 3: 0, 4: 1}",0
73,False,"{'a': 0.9, 'e': 0.4801414565714212}",20,7,-4.812326302007731,"{0: 10, 1: 2, 2: 1, 3: 0, 4: 0}",1
74,False,"{'a': 0.9, 'e': 0.47534004200570695}",25,12,-38.053990482449045,"{0: 10, 1: 1, 2: 1, 3: 0, 4: 1}",1
75,False,"{'a': 0.9, 'e': 0.4705866415856499}",20,0,-17.179849709622115,"{0: 16, 1: 2, 2: 1, 3: 1, 4: 0}",0
76,False,"{'a': 0.9, 'e': 0.46588077516979337}",25,12,2.1991780603098148,"{0: 11, 1: 1, 2: 1, 3: 0, 4: 0}",1
77,False,"{'a': 0.9, 'e': 0.46122196741809546}",25,2,-25.038071784874965,"{0: 20, 1: 1, 2: 1, 3: 0, 4: 1}",1
78,False,"{'a': 0.9, 'e': 0.4566097477439145}",20,7,-54.71383113548463,"{0: 9, 1: 1, 2: 2, 3: 0, 4: 1}",1
79,False,"{'a': 0.9, 'e': 0.45204365026647536}",20,0,-15.762355221108834,"{0: 17, 1: 0, 2: 2, 3: 1, 4: 0}",0
80,False,"{'a': 0.9, 'e': 0.4475232137638106}",35,19,-9.914834628730576,"{0: 12, 1: 2, 2: 2, 3: 0, 4: 0}",1
81,False,"{'a': 0.9, 'e': 0.4430479816261725}",20,0,-11.470663488934076,"{0: 15, 1: 3, 2: 2, 3: 0, 4: 0}",0
82,False,"{'a': 0.9, 'e': 0.43861750180991077}",25,0,-32.85127286002291,"{0: 21, 1: 2, 2: 1, 3: 0, 4: 1}",0
83,False,"{'a': 0.9, 'e': 0.43423132679181164}",20,1,-37.559205417547986,"{0: 16, 1: 0, 2: 2, 3: 0, 4: 1}",1
84,False,"{'a': 0.9, 'e': 0.4298890135238935}",25,0,10.419017354437923,"{0: 22, 1: 2, 2: 1, 3: 0, 4: 0}",0
85,False,"{'a': 0.9, 'e': 0.4255901233886546}",30,18,3.6480608645265358,"{0: 10, 1: 1, 2: 1, 3: 0, 4: 0}",1
86,False,"{'a': 0.9, 'e': 0.421334222154768}",20,6,-5.6148270025689415,"{0: 12, 1: 1, 2: 0, 3: 1, 4: 0}",1
87,False,"{'a': 0.9, 'e': 0.41712087993322033}",25,7,-88.79126849814398,"{0: 14, 1: 0, 2: 1, 3: 1, 4: 2}",1
88,False,"{'a': 0.9, 'e': 0.41294967113388814}",25,0,-95.32444127390193,"{0: 19, 1: 1, 2: 3, 3: 0, 4: 2}",0
89,False,"{'a': 0.9, 'e': 0.40882017442254925}",25,17,-7.001364975627259,"{0: 6, 1: 0, 2: 2, 3: 0, 4: 0}",1
90,False,"{'a': 0.9, 'e': 0.4047319726783238}",20,15,2.576558183659148,"{0: 4, 1: 1, 2: 0, 3: 0, 4: 0}",1
91,False,"{'a': 0.9, 'e': 0.40068465295154054}",25,8,24.50413820834991,"{0: 16, 1: 1, 2: 0, 3: 0, 4: 0}",1
92,False,"{'a': 0.9, 'e': 0.3966778064220251}",25,17,-9.48606423413762,"{0: 6, 1: 0, 2: 2, 3: 0, 4: 0}",1
93,False,"{'a': 0.9, 'e': 0.39271102835780486}",20,3,-29.55107117690008,"{0: 11, 1: 2, 2: 4, 3: 0, 4: 0}",1
94,False,"{'a': 0.9, 'e': 0.3887839180742268}",20,8,8.60437076966235,"{0: 11, 1: 0, 2: 1, 3: 0, 4: 0}",1
95,False,"{'a': 0.9, 'e': 0.38489607889348454}",30,18,21.681921895478695,"{0: 12, 1: 0, 2: 0, 3: 0, 4: 0}",1
96,False,"{'a': 0.9, 'e': 0.38104711810454966}",25,5,-14.767774287649326,"{0: 15, 1: 2, 2: 3, 3: 0, 4: 0}",1
97,False,"{'a': 0.9, 'e': 0.37723664692350417}",25,0,-21.927328574864386,"{0: 23, 1: 0, 2: 0, 3: 1, 4: 1}",0
98,False,"{'a': 0.9, 'e': 0.37346428045426916}",25,0,-61.218020002584595,"{0: 22, 1: 0, 2: 1, 3: 0, 4: 2}",0
99,False,"{'a': 0.9, 'e': 0.36972963764972644}",25,0,-44.49257436563654,"{0: 20, 1: 2, 2: 2, 3: 0, 4: 1}",0
100,False,"{'a': 0.9, 'e': 0.3660323412732292}",25,7,-1.2233864616879944,"{0: 15, 1: 1, 2: 2, 3: 0, 4: 0}",1
101,False,"{'a': 0.9, 'e': 0.3623720178604969}",20,0,16.95126814473785,"{0: 19, 1: 0, 2: 1, 3: 0, 4: 0}",0
102,False,"{'a': 0.9, 'e': 0.3587482976818919}",30,14,-119.43025579527139,"{0: 11, 1: 0, 2: 2, 3: 0, 4: 3}",1
103,False,"{'a': 0.9, 'e': 0.355160814705073}",20,14,-10.890250740786788,"{0: 4, 1: 0, 2: 2, 3: 0, 4: 0}",1
104,False,"{'a': 0.9, 'e': 0.35160920655802225}",20,0,-102.4606819668535,"{0: 13, 1: 2, 2: 3, 3: 0, 4: 2}",0
105,False,"{'a': 0.9, 'e': 0.348093114492442}",20,9,-9.575803352647476,"{0: 8, 1: 1, 2: 2, 3: 0, 4: 0}",1
106,False,"{'a': 0.9, 'e': 0.3446121833475176}",20,5,-56.55631492046196,"{0: 10, 1: 1, 2: 3, 3: 0, 4: 1}",1
107,False,"{'a': 0.9, 'e': 0.34116606151404244}",25,18,16.27296638520732,"{0: 7, 1: 0, 2: 0, 3: 0, 4: 0}",1
108,False,"{'a': 0.9, 'e': 0.337754400898902}",20,10,7.757540218833951,"{0: 9, 1: 1, 2: 0, 3: 0, 4: 0}",1
109,False,"{'a': 0.9, 'e': 0.334376856889913}",20,0,-74.48222425927725,"{0: 17, 1: 0, 2: 0, 3: 1, 4: 2}",0
110,False,"{'a': 0.9, 'e': 0.33103308832101386}",20,0,-22.143348155857538,"{0: 15, 1: 1, 2: 4, 3: 0, 4: 0}",0
111,False,"{'a': 0.9, 'e': 0.3277227574378037}",30,0,6.040277289002758,"{0: 26, 1: 2, 2: 2, 3: 0, 4: 0}",0
112,False,"{'a': 0.9, 'e': 0.3244455298634257}",20,5,-15.497157187892782,"{0: 12, 1: 1, 2: 1, 3: 1, 4: 0}",1
113,False,"{'a': 0.9, 'e': 0.3212010745647914}",20,11,-25.829236580852708,"{0: 8, 1: 0, 2: 0, 3: 0, 4: 1}",1
114,False,"{'a': 0.9, 'e': 0.3179890638191435}",30,9,9.374161867023727,"{0: 18, 1: 2, 2: 1, 3: 0, 4: 0}",1
115,False,"{'a': 0.9, 'e': 0.31480917318095203}",30,12,11.769285751109841,"{0: 16, 1: 1, 2: 1, 3: 0, 4: 0}",1
116,False,"{'a': 0.9, 'e': 0.3116610814491425}",20,5,-15.283028100607286,"{0: 12, 1: 0, 2: 2, 3: 1, 4: 0}",1
117,False,"{'a': 0.9, 'e': 0.30854447063465107}",20,0,-15.164065147277766,"{0: 19, 1: 0, 2: 0, 3: 0, 4: 1}",0
118,False,"{'a': 0.9, 'e': 0.3054590259283046}",20,7,-4.1259215500645965,"{0: 10, 1: 2, 2: 1, 3: 0, 4: 0}",1
119,False,"{'a': 0.9, 'e': 0.30240443566902153}",25,5,8.133295158704954,"{0: 18, 1: 1, 2: 0, 3: 1, 4: 0}",1
120,False,"{'a': 0.9, 'e': 0.2993803913123313}",30,15,-45.725233275084555,"{0: 11, 1: 1, 2: 2, 3: 0, 4: 1}",1
121,False,"{'a': 0.9, 'e': 0.296386587399208}",25,7,-4.112366268023486,"{0: 15, 1: 0, 2: 3, 3: 0, 4: 0}",1
122,False,"{'a': 0.9, 'e': 0.2934227215252159}",20,12,-67.39834563626937,"{0: 6, 1: 0, 2: 0, 3: 0, 4: 2}",1
123,False,"{'a': 0.9, 'e': 0.29048849430996376}",20,2,-43.464502894903646,"{0: 13, 1: 1, 2: 2, 3: 2, 4: 0}",1
124,False,"{'a': 0.9, 'e': 0.2875836093668641}",35,0,-123.71777772066503,"{0: 29, 1: 0, 2: 2, 3: 1, 4: 3}",0
125,False,"{'a': 0.9, 'e': 0.28470777327319546}",20,12,1.7160810521858176,"{0: 7, 1: 0, 2: 1, 3: 0, 4: 0}",1
126,False,"{'a': 0.9, 'e': 0.2818606955404635}",30,13,30.012674165804462,"{0: 17, 1: 0, 2: 0, 3: 0, 4: 0}",1
127,False,"{'a': 0.9, 'e': 0.27904208858505886}",25,17,-37.16190816442428,"{0: 6, 1: 0, 2: 1, 3: 0, 4: 1}",1
128,False,"{'a': 0.9, 'e': 0.2762516676992083}",35,20,16.28098079765011,"{0: 14, 1: 0, 2: 1, 3: 0, 4: 0}",1
129,False,"{'a': 0.9, 'e': 0.2734891510222162}",35,9,-53.28908775581214,"{0: 21, 1: 1, 2: 2, 3: 1, 4: 1}",1
130,False,"{'a': 0.9, 'e': 0.27075425951199406}",20,0,18.470043771609696,"{0: 19, 1: 0, 2: 1, 3: 0, 4: 0}",0
131,False,"{'a': 0.9, 'e': 0.2680467169168741}",20,8,12.892270375062555,"{0: 11, 1: 1, 2: 0, 3: 0, 4: 0}",1
132,False,"{'a': 0.9, 'e': 0.26536624974770534}",20,5,26.356552108666286,"{0: 15, 1: 0, 2: 0, 3: 0, 4: 0}",1
133,False,"{'a': 0.9, 'e': 0.2627125872502283}",25,8,-7.653639354851053,"{0: 14, 1: 0, 2: 3, 3: 0, 4: 0}",1
134,False,"{'a': 0.9, 'e': 0.26008546137772603}",30,20,11.175248503365978,"{0: 9, 1: 1, 2: 0, 3: 0, 4: 0}",1
135,False,"{'a': 0.9, 'e': 0.25748460676394874}",25,7,32.94566957197508,"{0: 18, 1: 0, 2: 0, 3: 0, 4: 0}",1
136,False,"{'a': 0.9, 'e': 0.2549097606963093}",20,0,-51.00421843925385,"{0: 18, 1: 0, 2: 0, 3: 0, 4: 2}",0
137,False,"{'a': 0.9, 'e': 0.2523606630893462}",30,9,-13.973560241968851,"{0: 19, 1: 0, 2: 1, 3: 0, 4: 1}",1
138,False,"{'a': 0.9, 'e': 0.2498370564584527}",25,11,9.35385381664268,"{0: 13, 1: 0, 2: 1, 3: 0, 4: 0}",1
139,False,"{'a': 0.9, 'e': 0.24733868589386818}",20,15,-13.004035493560444,"{0: 4, 1: 0, 2: 0, 3: 1, 4: 0}",1
140,False,"{'a': 0.9, 'e': 0.24486529903492948}",25,1,25.352841930116952,"{0: 23, 1: 0, 2: 1, 3: 0, 4: 0}",1
141,False,"{'a': 0.9, 'e': 0.2424166460445802}",20,0,-37.59392660084856,"{0: 16, 1: 2, 2: 1, 3: 0, 4: 1}",0
142,False,"{'a': 0.9, 'e': 0.2399924795841344}",20,0,6.6268672767795405,"{0: 17, 1: 2, 2: 1, 3: 0, 4: 0}",0
143,False,"{'a': 0.9, 'e': 0.23759255478829303}",20,2,-13.066265709931457,"{0: 17, 1: 0, 2: 0, 3: 0, 4: 1}",1
144,False,"{'a': 0.9, 'e': 0.23521662924041012}",20,16,6.741772901783723,"{0: 4, 1: 0, 2: 0, 3: 0, 4: 0}",1
145,False,"{'a': 0.9, 'e': 0.232864462948006}",25,7,15.541166797752632,"{0: 17, 1: 0, 2: 1, 3: 0, 4: 0}",1
146,False,"{'a': 0.9, 'e': 0.23053581831852593}",25,0,-47.410424211841885,"{0: 23, 1: 0, 2: 0, 3: 0, 4: 2}",0
147,False,"{'a': 0.9, 'e': 0.22823046013534068}",20,3,-1.3701603925742025,"{0: 15, 1: 1, 2: 0, 3: 1, 4: 0}",1
148,False,"{'a': 0.9, 'e': 0.22594815553398728}",20,0,17.849322130438964,"{0: 19, 1: 0, 2: 1, 3: 0, 4: 0}",0
149,False,"{'a': 0.9, 'e': 0.2236886739786474}",35,18,-0.6369060594498985,"{0: 14, 1: 0, 2: 3, 3: 0, 4: 0}",1
150,False,"{'a': 0.9, 'e': 0.22145178723886091}",25,11,10.513057941868873,"{0: 13, 1: 0, 2: 1, 3: 0, 4: 0}",1
151,False,"{'a': 0.9, 'e': 0.2192372693664723}",20,10,12.575543469801996,"{0: 10, 1: 0, 2: 0, 3: 0, 4: 0}",1
152,False,"{'a': 0.9, 'e': 0.21704489667280757}",25,5,-13.800570383548536,"{0: 16, 1: 0, 2: 4, 3: 0, 4: 0}",1
153,False,"{'a': 0.9, 'e': 0.2148744477060795}",30,2,-5.391325823615329,"{0: 26, 1: 0, 2: 1, 3: 0, 4: 1}",1
154,False,"{'a': 0.9, 'e': 0.2127257032290187}",30,7,31.225219039228854,"{0: 22, 1: 0, 2: 1, 3: 0, 4: 0}",1
155,False,"{'a': 0.9, 'e': 0.21059844619672852}",20,4,12.694261445046246,"{0: 15, 1: 0, 2: 1, 3: 0, 4: 0}",1
156,False,"{'a': 0.9, 'e': 0.20849246173476124}",20,10,15.335655385188657,"{0: 10, 1: 0, 2: 0, 3: 0, 4: 0}",1
157,False,"{'a': 0.9, 'e': 0.2064075371174136}",25,15,-45.08522885970213,"{0: 8, 1: 0, 2: 0, 3: 1, 4: 1}",1
158,False,"{'a': 0.9, 'e': 0.20434346174623946}",30,15,24.083633026511524,"{0: 15, 1: 0, 2: 0, 3: 0, 4: 0}",1
159,False,"{'a': 0.9, 'e': 0.2023000271287771}",25,7,-42.8782209152222,"{0: 14, 1: 2, 2: 0, 3: 1, 4: 1}",1
160,False,"{'a': 0.9, 'e': 0.20027702685748933}",25,14,24.55362832484426,"{0: 11, 1: 0, 2: 0, 3: 0, 4: 0}",1
161,False,"{'a': 0.9, 'e': 0.19827425658891443}",25,19,-1.2439393509020382,"{0: 5, 1: 0, 2: 1, 3: 0, 4: 0}",1
162,False,"{'a': 0.9, 'e': 0.19629151402302528}",20,13,12.695556754100444,"{0: 7, 1: 0, 2: 0, 3: 0, 4: 0}",1
163,False,"{'a': 0.9, 'e': 0.19432859888279502}",25,20,9.61603729596087,"{0: 5, 1: 0, 2: 0, 3: 0, 4: 0}",1
164,False,"{'a': 0.9, 'e': 0.19238531289396707}",30,15,28.408646632862816,"{0: 15, 1: 0, 2: 0, 3: 0, 4: 0}",1
165,False,"{'a': 0.9, 'e': 0.1904614597650274}",20,3,24.199287203188582,"{0: 17, 1: 0, 2: 0, 3: 0, 4: 0}",1
166,False,"{'a': 0.9, 'e': 0.1885568451673771}",25,13,0.717667707466898,"{0: 11, 1: 0, 2: 0, 3: 1, 4: 0}",1
167,False,"{'a': 0.9, 'e': 0.18667127671570335}",25,5,-54.66793751537174,"{0: 16, 1: 0, 2: 2, 3: 1, 4: 1}",1
168,False,"{'a': 0.9, 'e': 0.1848045639485463}",30,13,29.73215594970933,"{0: 17, 1: 0, 2: 0, 3: 0, 4: 0}",1
169,False,"{'a': 0.9, 'e': 0.18295651830906084}",20,0,15.675453927632093,"{0: 19, 1: 0, 2: 1, 3: 0, 4: 0}",0
170,False,"{'a': 0.9, 'e': 0.18112695312597024}",20,0,4.558531423846052,"{0: 17, 1: 2, 2: 1, 3: 0, 4: 0}",0
171,False,"{'a': 0.9, 'e': 0.17931568359471053}",30,6,25.33295561446566,"{0: 23, 1: 0, 2: 1, 3: 0, 4: 0}",1
172,False,"{'a': 0.9, 'e': 0.17752252675876343}",25,9,28.281548436349564,"{0: 16, 1: 0, 2: 0, 3: 0, 4: 0}",1
173,False,"{'a': 0.9, 'e': 0.1757473014911758}",30,13,6.662903458768059,"{0: 15, 1: 0, 2: 2, 3: 0, 4: 0}",1
174,False,"{'a': 0.9, 'e': 0.17398982847626404}",30,12,32.81359695093476,"{0: 18, 1: 0, 2: 0, 3: 0, 4: 0}",1
175,False,"{'a': 0.9, 'e': 0.1722499301915014}",20,0,24.110841125544933,"{0: 18, 1: 2, 2: 0, 3: 0, 4: 0}",0
176,False,"{'a': 0.9, 'e': 0.17052743088958636}",25,0,19.847767132930585,"{0: 23, 1: 1, 2: 1, 3: 0, 4: 0}",0
177,False,"{'a': 0.9, 'e': 0.1688221565806905}",30,19,20.549159007353996,"{0: 11, 1: 0, 2: 0, 3: 0, 4: 0}",1
178,False,"{'a': 0.9, 'e': 0.1671339350148836}",30,9,-14.233462929421293,"{0: 20, 1: 0, 2: 0, 3: 0, 4: 1}",1
179,False,"{'a': 0.9, 'e': 0.16546259566473476}",20,0,-21.431904540335573,"{0: 18, 1: 0, 2: 1, 3: 0, 4: 1}",1
180,False,"{'a': 0.9, 'e': 0.16380796970808742}",25,0,34.942905108743126,"{0: 25, 1: 0, 2: 0, 3: 0, 4: 0}",0
181,False,"{'a': 0.9, 'e': 0.16216989001100654}",20,3,24.099504183710582,"{0: 16, 1: 1, 2: 0, 3: 0, 4: 0}",1
182,False,"{'a': 0.9, 'e': 0.16054819111089647}",30,15,-19.19716013709541,"{0: 14, 1: 0, 2: 0, 3: 0, 4: 1}",1
183,False,"{'a': 0.9, 'e': 0.1589427091997875}",25,14,15.61281470924487,"{0: 10, 1: 1, 2: 0, 3: 0, 4: 0}",1
184,False,"{'a': 0.9, 'e': 0.15735328210778962}",25,15,16.009683337108875,"{0: 10, 1: 0, 2: 0, 3: 0, 4: 0}",1
185,False,"{'a': 0.9, 'e': 0.15577974928671173}",25,14,16.255201365352463,"{0: 11, 1: 0, 2: 0, 3: 0, 4: 0}",1
186,False,"{'a': 0.9, 'e': 0.15422195179384462}",25,0,6.698254273146674,"{0: 23, 1: 0, 2: 1, 3: 1, 4: 0}",0
187,False,"{'a': 0.9, 'e': 0.15267973227590617}",25,0,25.712152777955346,"{0: 24, 1: 0, 2: 1, 3: 0, 4: 0}",0
188,False,"{'a': 0.9, 'e': 0.1511529349531471}",20,13,-67.75962125139961,"{0: 5, 1: 0, 2: 0, 3: 0, 4: 2}",1
189,False,"{'a': 0.9, 'e': 0.14964140560361563}",20,1,-67.53724420726202,"{0: 16, 1: 0, 2: 1, 3: 0, 4: 2}",1
190,False,"{'a': 0.9, 'e': 0.14814499154757946}",25,4,23.7358373073968,"{0: 20, 1: 1, 2: 0, 3: 0, 4: 0}",1
191,False,"{'a': 0.9, 'e': 0.14666354163210368}",20,11,-5.230161261085071,"{0: 8, 1: 0, 2: 0, 3: 1, 4: 0}",1
192,False,"{'a': 0.9, 'e': 0.14519690621578263}",25,0,23.898706197409147,"{0: 24, 1: 1, 2: 0, 3: 0, 4: 0}",0
193,False,"{'a': 0.9, 'e': 0.1437449371536248}",20,4,24.598817498967374,"{0: 16, 1: 0, 2: 0, 3: 0, 4: 0}",1
194,False,"{'a': 0.9, 'e': 0.14230748778208857}",20,0,-95.17583777880647,"{0: 15, 1: 1, 2: 1, 3: 1, 4: 2}",0
195,False,"{'a': 0.9, 'e': 0.14088441290426768}",30,24,10.132777596783752,"{0: 6, 1: 0, 2: 0, 3: 0, 4: 0}",1
196,False,"{'a': 0.9, 'e': 0.139475568775225}",25,15,18.742597556799343,"{0: 10, 1: 0, 2: 0, 3: 0, 4: 0}",1
197,False,"{'a': 0.9, 'e': 0.13808081308747275}",25,8,14.092903731523368,"{0: 15, 1: 2, 2: 0, 3: 0, 4: 0}",1
198,False,"{'a': 0.9, 'e': 0.136700004956598}",30,13,-69.49065613501078,"{0: 13, 1: 1, 2: 1, 3: 0, 4: 2}",1
199,False,"{'a': 0.9, 'e': 0.13533300490703204}",20,0,21.852282720468033,"{0: 19, 1: 0, 2: 1, 3: 0, 4: 0}",0
200,False,"{'a': 0.9, 'e': 0.13397967485796172}",25,0,-0.41239406372352305,"{0: 22, 1: 0, 2: 3, 3: 0, 4: 0}",0
201,False,"{'a': 0.9, 'e': 0.1326398781093821}",30,17,-1.5675952243107023,"{0: 10, 1: 2, 2: 1, 3: 0, 4: 0}",1
202,False,"{'a': 0.9, 'e': 0.13131347932828827}",20,13,15.332203186785785,"{0: 7, 1: 0, 2: 0, 3: 0, 4: 0}",1
203,False,"{'a': 0.9, 'e': 0.1300003445350054}",30,8,20.406041028115098,"{0: 20, 1: 2, 2: 0, 3: 0, 4: 0}",1
204,False,"{'a': 0.9, 'e': 0.12870034108965533}",25,13,21.50683497242791,"{0: 12, 1: 0, 2: 0, 3: 0, 4: 0}",1
205,False,"{'a': 0.9, 'e': 0.1274133376787588}",25,17,16.68535799564485,"{0: 8, 1: 0, 2: 0, 3: 0, 4: 0}",1
206,False,"{'a': 0.9, 'e': 0.12613920430197118}",25,16,19.26346511674548,"{0: 9, 1: 0, 2: 0, 3: 0, 4: 0}",1
207,False,"{'a': 0.9, 'e': 0.12487781225895148}",30,13,-54.11740066219595,"{0: 15, 1: 0, 2: 0, 3: 0, 4: 2}",1
208,False,"{'a': 0.9, 'e': 0.12362903413636196}",20,15,2.905682031068012,"{0: 4, 1: 1, 2: 0, 3: 0, 4: 0}",1
209,False,"{'a': 0.9, 'e': 0.12239274379499834}",25,20,10.189657114390245,"{0: 5, 1: 0, 2: 0, 3: 0, 4: 0}",1
210,False,"{'a': 0.9, 'e': 0.12116881635704835}",20,16,9.39479983007024,"{0: 4, 1: 0, 2: 0, 3: 0, 4: 0}",1
211,False,"{'a': 0.9, 'e': 0.11995712819347787}",25,1,22.517226679161357,"{0: 23, 1: 0, 2: 1, 3: 0, 4: 0}",1
212,False,"{'a': 0.9, 'e': 0.11875755691154309}",30,0,0.9936868313941756,"{0: 27, 1: 1, 2: 1, 3: 1, 4: 0}",0
213,False,"{'a': 0.9, 'e': 0.11756998134242766}",20,0,33.03915544122434,"{0: 20, 1: 0, 2: 0, 3: 0, 4: 0}",0
214,False,"{'a': 0.9, 'e': 0.11639428152900338}",20,8,-31.85175468284222,"{0: 10, 1: 0, 2: 1, 3: 0, 4: 1}",1
215,False,"{'a': 0.9, 'e': 0.11523033871371334}",20,8,16.047824026770446,"{0: 12, 1: 0, 2: 0, 3: 0, 4: 0}",1
216,False,"{'a': 0.9, 'e': 0.11407803532657622}",35,18,27.55202750317359,"{0: 17, 1: 0, 2: 0, 3: 0, 4: 0}",1
217,False,"{'a': 0.9, 'e': 0.11293725497331045}",25,13,20.98021670340236,"{0: 12, 1: 0, 2: 0, 3: 0, 4: 0}",1
218,False,"{'a': 0.9, 'e': 0.11180788242357734}",20,8,-20.931623440663014,"{0: 11, 1: 0, 2: 0, 3: 0, 4: 1}",1
219,False,"{'a': 0.9, 'e': 0.11068980359934157}",30,11,21.09196941836843,"{0: 18, 1: 0, 2: 1, 3: 0, 4: 0}",1
220,False,"{'a': 0.9, 'e': 0.10958290556334815}",20,13,10.04866089035783,"{0: 7, 1: 0, 2: 0, 3: 0, 4: 0}",1
221,False,"{'a': 0.9, 'e': 0.10848707650771466}",20,4,20.527431944039222,"{0: 15, 1: 1, 2: 0, 3: 0, 4: 0}",1
222,False,"{'a': 0.9, 'e': 0.10740220574263752}",25,14,20.917092492737197,"{0: 11, 1: 0, 2: 0, 3: 0, 4: 0}",1
223,False,"{'a': 0.9, 'e': 0.10632818368521114}",20,14,-32.58560662664129,"{0: 5, 1: 0, 2: 0, 3: 0, 4: 1}",1
224,False,"{'a': 0.9, 'e': 0.10526490184835903}",35,9,10.107673836453111,"{0: 23, 1: 1, 2: 2, 3: 0, 4: 0}",1
225,False,"{'a': 0.9, 'e': 0.10421225282987544}",20,0,23.78640893589973,"{0: 19, 1: 0, 2: 1, 3: 0, 4: 0}",0
226,False,"{'a': 0.9, 'e': 0.10317013030157668}",20,3,32.275831183564776,"{0: 17, 1: 0, 2: 0, 3: 0, 4: 0}",1
227,False,"{'a': 0.9, 'e': 0.10213842899856092}",20,12,8.479944099806684,"{0: 7, 1: 1, 2: 0, 3: 0, 4: 0}",1
228,False,"{'a': 0.9, 'e': 0.10111704470857531}",30,7,40.641944205316804,"{0: 23, 1: 0, 2: 0, 3: 0, 4: 0}",1
229,False,"{'a': 0.9, 'e': 0.10010587426148955}",25,0,34.41366415463696,"{0: 25, 1: 0, 2: 0, 3: 0, 4: 0}",0
230,False,"{'a': 0.9, 'e': 0.09910481551887466}",30,18,17.39055437149718,"{0: 11, 1: 1, 2: 0, 3: 0, 4: 0}",1
231,False,"{'a': 0.9, 'e': 0.0981137673636859}",20,16,9.000625336915041,"{0: 4, 1: 0, 2: 0, 3: 0, 4: 0}",1
232,False,"{'a': 0.9, 'e': 0.09713262969004906}",30,16,-24.35140744658562,"{0: 12, 1: 0, 2: 1, 3: 0, 4: 1}",1
233,False,"{'a': 0.9, 'e': 0.09616130339314856}",25,9,21.63031489876456,"{0: 15, 1: 1, 2: 0, 3: 0, 4: 0}",1
234,False,"{'a': 0.9, 'e': 0.09519969035921708}",20,4,19.48897956302821,"{0: 15, 1: 1, 2: 0, 3: 0, 4: 0}",1
235,False,"{'a': 0.9, 'e': 0.0942476934556249}",30,15,28.39043983370255,"{0: 15, 1: 0, 2: 0, 3: 0, 4: 0}",1
236,False,"{'a': 0.9, 'e': 0.09330521652106866}",30,19,20.125596806548245,"{0: 11, 1: 0, 2: 0, 3: 0, 4: 0}",1
237,False,"{'a': 0.9, 'e': 0.09237216435585796}",25,0,-11.390512934390143,"{0: 22, 1: 0, 2: 2, 3: 1, 4: 0}",0
238,False,"{'a': 0.9, 'e': 0.09144844271229938}",20,15,5.624494855095211,"{0: 4, 1: 1, 2: 0, 3: 0, 4: 0}",1
239,False,"{'a': 0.9, 'e': 0.0905339582851764}",30,6,-14.931449098384116,"{0: 21, 1: 1, 2: 1, 3: 0, 4: 1}",1
240,False,"{'a': 0.9, 'e': 0.08962861870232462}",20,3,2.5723933868636397,"{0: 15, 1: 1, 2: 0, 3: 1, 4: 0}",1
241,False,"{'a': 0.9, 'e': 0.08873233251530138}",20,12,14.012182829485372,"{0: 8, 1: 0, 2: 0, 3: 0, 4: 0}",1
242,False,"{'a': 0.9, 'e': 0.08784500919014836}",25,12,24.141006492881864,"{0: 13, 1: 0, 2: 0, 3: 0, 4: 0}",1
243,False,"{'a': 0.9, 'e': 0.08696655909824688}",25,0,23.02481539131522,"{0: 23, 1: 1, 2: 1, 3: 0, 4: 0}",0
244,False,"{'a': 0.9, 'e': 0.0860968935072644}",35,17,36.118685592844784,"{0: 18, 1: 0, 2: 0, 3: 0, 4: 0}",1
245,False,"{'a': 0.9, 'e': 0.08523592457219176}",20,8,20.435100072514107,"{0: 12, 1: 0, 2: 0, 3: 0, 4: 0}",1
246,False,"{'a': 0.9, 'e': 0.08438356532646984}",25,17,17.761912840235457,"{0: 8, 1: 0, 2: 0, 3: 0, 4: 0}",1
247,False,"{'a': 0.9, 'e': 0.08353972967320515}",30,19,20.34354788290675,"{0: 11, 1: 0, 2: 0, 3: 0, 4: 0}",1
248,False,"{'a': 0.9, 'e': 0.0827043323764731}",25,12,12.304667896862775,"{0: 12, 1: 0, 2: 1, 3: 0, 4: 0}",1
249,False,"{'a': 0.9, 'e': 0.08187728905270836}",25,1,30.3497506769958,"{0: 23, 1: 0, 2: 1, 3: 0, 4: 0}",1
250,False,"{'a': 0.9, 'e': 0.08105851616218128}",25,14,7.452306485945426,"{0: 10, 1: 0, 2: 1, 3: 0, 4: 0}",1
251,False,"{'a': 0.9, 'e': 0.08024793100055946}",20,10,18.852252747343023,"{0: 10, 1: 0, 2: 0, 3: 0, 4: 0}",1
252,False,"{'a': 0.9, 'e': 0.07944545169055386}",20,0,6.951962239390799,"{0: 18, 1: 0, 2: 2, 3: 0, 4: 0}",0
253,False,"{'a': 0.9, 'e': 0.07865099717364833}",25,15,10.56545435743052,"{0: 9, 1: 1, 2: 0, 3: 0, 4: 0}",1
254,False,"{'a': 0.9, 'e': 0.07786448720191184}",25,14,21.141983353604513,"{0: 11, 1: 0, 2: 0, 3: 0, 4: 0}",1
255,False,"{'a': 0.9, 'e': 0.07708584232989273}",25,13,22.776239451469383,"{0: 12, 1: 0, 2: 0, 3: 0, 4: 0}",1
256,False,"{'a': 0.9, 'e': 0.0763149839065938}",25,11,18.33259680750195,"{0: 13, 1: 1, 2: 0, 3: 0, 4: 0}",1
257,False,"{'a': 0.9, 'e': 0.07555183406752786}",25,0,22.952154797724226,"{0: 23, 1: 0, 2: 2, 3: 0, 4: 0}",0
258,False,"{'a': 0.9, 'e': 0.07479631572685258}",25,2,38.58445976831581,"{0: 23, 1: 0, 2: 0, 3: 0, 4: 0}",1
259,False,"{'a': 0.9, 'e': 0.07404835256958406}",20,12,4.275442585807705,"{0: 7, 1: 0, 2: 1, 3: 0, 4: 0}",1
260,False,"{'a': 0.9, 'e': 0.07330786904388821}",20,2,30.274371214885683,"{0: 18, 1: 0, 2: 0, 3: 0, 4: 0}",1
261,False,"{'a': 0.9, 'e': 0.07257479035344933}",20,7,22.001703036200848,"{0: 13, 1: 0, 2: 0, 3: 0, 4: 0}",1
262,False,"{'a': 0.9, 'e': 0.07184904244991484}",25,11,0.62180638938432,"{0: 12, 1: 0, 2: 2, 3: 0, 4: 0}",1
263,False,"{'a': 0.9, 'e': 0.07113055202541568}",20,14,9.049657785340273,"{0: 6, 1: 0, 2: 0, 3: 0, 4: 0}",1
264,False,"{'a': 0.9, 'e': 0.07041924650516153}",20,5,24.6400816489275,"{0: 15, 1: 0, 2: 0, 3: 0, 4: 0}",1
265,False,"{'a': 0.9, 'e': 0.06971505404010991}",25,14,17.307919132098384,"{0: 11, 1: 0, 2: 0, 3: 0, 4: 0}",1
266,False,"{'a': 0.9, 'e': 0.06901790349970881}",30,4,-0.03839377365622654,"{0: 25, 1: 0, 2: 0, 3: 0, 4: 1}",1
267,False,"{'a': 0.9, 'e': 0.06832772446471172}",25,0,37.47743877247957,"{0: 25, 1: 0, 2: 0, 3: 0, 4: 0}",0
268,False,"{'a': 0.9, 'e': 0.0676444472200646}",25,5,34.055285774521565,"{0: 20, 1: 0, 2: 0, 3: 0, 4: 0}",1
269,False,"{'a': 0.9, 'e': 0.06696800274786396}",30,18,21.26362177842288,"{0: 12, 1: 0, 2: 0, 3: 0, 4: 0}",1
270,False,"{'a': 0.9, 'e': 0.06629832272038531}",25,9,15.726726313029543,"{0: 15, 1: 0, 2: 1, 3: 0, 4: 0}",1
271,False,"{'a': 0.9, 'e': 0.06563533949318147}",20,16,8.72785548264951,"{0: 4, 1: 0, 2: 0, 3: 0, 4: 0}",1
272,False,"{'a': 0.9, 'e': 0.06497898609824965}",20,9,16.063649717093398,"{0: 11, 1: 0, 2: 0, 3: 0, 4: 0}",1
273,False,"{'a': 0.9, 'e': 0.06432919623726716}",20,6,27.596979880556546,"{0: 14, 1: 0, 2: 0, 3: 0, 4: 0}",1
274,False,"{'a': 0.9, 'e': 0.06368590427489448}",25,7,26.7085105449698,"{0: 18, 1: 0, 2: 0, 3: 0, 4: 0}",1
275,False,"{'a': 0.9, 'e': 0.06304904523214554}",25,14,16.68013178782441,"{0: 11, 1: 0, 2: 0, 3: 0, 4: 0}",1
276,False,"{'a': 0.9, 'e': 0.06241855477982408}",20,8,16.36719539396306,"{0: 11, 1: 1, 2: 0, 3: 0, 4: 0}",1
277,False,"{'a': 0.9, 'e': 0.06179436923202584}",20,16,9.30399438805516,"{0: 4, 1: 0, 2: 0, 3: 0, 4: 0}",1
278,False,"{'a': 0.9, 'e': 0.06117642553970558}",20,3,5.175822715136931,"{0: 16, 1: 0, 2: 0, 3: 1, 4: 0}",1
279,False,"{'a': 0.9, 'e': 0.06056466128430853}",25,9,24.503236474030928,"{0: 15, 1: 1, 2: 0, 3: 0, 4: 0}",1
280,False,"{'a': 0.9, 'e': 0.05995901467146544}",30,14,27.0300762535948,"{0: 16, 1: 0, 2: 0, 3: 0, 4: 0}",1
281,False,"{'a': 0.9, 'e': 0.059359424524750785}",20,9,-7.533149875337223,"{0: 10, 1: 0, 2: 0, 3: 1, 4: 0}",1
282,False,"{'a': 0.9, 'e': 0.05876583027950327}",25,11,13.904812260942307,"{0: 13, 1: 0, 2: 1, 3: 0, 4: 0}",1
283,False,"{'a': 0.9, 'e': 0.05817817197670824}",20,12,13.615599320910839,"{0: 8, 1: 0, 2: 0, 3: 0, 4: 0}",1
284,False,"{'a': 0.9, 'e': 0.05759639025694116}",25,20,9.307164546269853,"{0: 5, 1: 0, 2: 0, 3: 0, 4: 0}",1
285,False,"{'a': 0.9, 'e': 0.057020426354371746}",30,13,28.604451506233378,"{0: 17, 1: 0, 2: 0, 3: 0, 4: 0}",1
286,False,"{'a': 0.9, 'e': 0.05645022209082803}",25,17,15.830436252792149,"{0: 8, 1: 0, 2: 0, 3: 0, 4: 0}",1
287,False,"{'a': 0.9, 'e': 0.05588571986991975}",20,7,21.150858616542592,"{0: 13, 1: 0, 2: 0, 3: 0, 4: 0}",1
288,False,"{'a': 0.9, 'e': 0.05532686267122055}",25,20,7.648842004516703,"{0: 5, 1: 0, 2: 0, 3: 0, 4: 0}",1
289,False,"{'a': 0.9, 'e': 0.05477359404450834}",20,13,13.076900635415575,"{0: 7, 1: 0, 2: 0, 3: 0, 4: 0}",1
290,False,"{'a': 0.9, 'e': 0.05422585810406326}",30,10,20.979515398114085,"{0: 19, 1: 0, 2: 1, 3: 0, 4: 0}",1
291,False,"{'a': 0.9, 'e': 0.05368359952302263}",30,7,39.719968239996035,"{0: 23, 1: 0, 2: 0, 3: 0, 4: 0}",1
292,False,"{'a': 0.9, 'e': 0.0531467635277924}",25,0,39.28170211665651,"{0: 25, 1: 0, 2: 0, 3: 0, 4: 0}",0
293,False,"{'a': 0.9, 'e': 0.05261529589251448}",20,16,8.767263130445858,"{0: 4, 1: 0, 2: 0, 3: 0, 4: 0}",1
294,False,"{'a': 0.9, 'e': 0.05208914293358933}",20,10,17.05839015087774,"{0: 10, 1: 0, 2: 0, 3: 0, 4: 0}",1
295,False,"{'a': 0.9, 'e': 0.05156825150425344}",35,23,18.74887155597451,"{0: 12, 1: 0, 2: 0, 3: 0, 4: 0}",1
296,False,"{'a': 0.9, 'e': 0.0510525689892109}",25,5,32.25645290831576,"{0: 20, 1: 0, 2: 0, 3: 0, 4: 0}",1
297,False,"{'a': 0.9, 'e': 0.050542043299318794}",20,14,12.101562976687648,"{0: 6, 1: 0, 2: 0, 3: 0, 4: 0}",1
298,False,"{'a': 0.9, 'e': 0.050036622866325604}",25,17,6.510680920329732,"{0: 7, 1: 1, 2: 0, 3: 0, 4: 0}",1
299,False,"{'a': 0.9, 'e': 0.04953625663766235}",20,3,25.11001597305793,"{0: 17, 1: 0, 2: 0, 3: 0, 4: 0}",1
300,False,"{'a': 0.9, 'e': 0.04904089407128572}",25,14,18.084827637846715,"{0: 11, 1: 0, 2: 0, 3: 0, 4: 0}",1
301,False,"{'a': 0.9, 'e': 0.04855048513057287}",20,1,14.901019154154428,"{0: 17, 1: 1, 2: 1, 3: 0, 4: 0}",1
302,False,"{'a': 0.9, 'e': 0.04806498027926714}",25,0,26.295982964487855,"{0: 24, 1: 0, 2: 1, 3: 0, 4: 0}",0
303,False,"{'a': 0.9, 'e': 0.047584330476474465}",20,16,6.6434075758636215,"{0: 4, 1: 0, 2: 0, 3: 0, 4: 0}",1
304,False,"{'a': 0.9, 'e': 0.04710848717170972}",20,12,14.959445913947045,"{0: 8, 1: 0, 2: 0, 3: 0, 4: 0}",1
305,False,"{'a': 0.9, 'e': 0.04663740229999262}",20,4,28.998415852135494,"{0: 16, 1: 0, 2: 0, 3: 0, 4: 0}",1
306,False,"{'a': 0.9, 'e': 0.046171028276992696}",35,21,27.519738426482,"{0: 14, 1: 0, 2: 0, 3: 0, 4: 0}",1
307,False,"{'a': 0.9, 'e': 0.045709317994222766}",20,9,21.080163820214757,"{0: 11, 1: 0, 2: 0, 3: 0, 4: 0}",1
308,False,"{'a': 0.9, 'e': 0.04525222481428054}",35,18,-8.131600410030321,"{0: 16, 1: 0, 2: 0, 3: 0, 4: 1}",1
309,False,"{'a': 0.9, 'e': 0.04479970256613774}",20,13,11.095267676904749,"{0: 7, 1: 0, 2: 0, 3: 0, 4: 0}",1
310,False,"{'a': 0.9, 'e': 0.044351705540476356}",35,19,31.28602259890387,"{0: 16, 1: 0, 2: 0, 3: 0, 4: 0}",1
311,False,"{'a': 0.9, 'e': 0.043908188485071595}",20,7,24.993138740371638,"{0: 13, 1: 0, 2: 0, 3: 0, 4: 0}",1
312,False,"{'a': 0.9, 'e': 0.04346910660022088}",25,12,23.48529772196658,"{0: 13, 1: 0, 2: 0, 3: 0, 4: 0}",1
313,False,"{'a': 0.9, 'e': 0.04303441553421867}",20,13,12.267673880716139,"{0: 7, 1: 0, 2: 0, 3: 0, 4: 0}",1
314,False,"{'a': 0.9, 'e': 0.04260407137887648}",20,0,29.08043891899876,"{0: 20, 1: 0, 2: 0, 3: 0, 4: 0}",0
315,False,"{'a': 0.9, 'e': 0.04217803066508771}",25,15,15.239250198551478,"{0: 10, 1: 0, 2: 0, 3: 0, 4: 0}",1
316,False,"{'a': 0.9, 'e': 0.04175625035843684}",30,15,27.956245467802884,"{0: 15, 1: 0, 2: 0, 3: 0, 4: 0}",1
317,False,"{'a': 0.9, 'e': 0.041338687854852466}",20,7,18.1735389261298,"{0: 13, 1: 0, 2: 0, 3: 0, 4: 0}",1
318,False,"{'a': 0.9, 'e': 0.040925300976303945}",30,13,31.285917667225412,"{0: 17, 1: 0, 2: 0, 3: 0, 4: 0}",1
319,False,"{'a': 0.9, 'e': 0.0405160479665409}",25,7,31.689147442437047,"{0: 18, 1: 0, 2: 0, 3: 0, 4: 0}",1
320,False,"{'a': 0.9, 'e': 0.040110887486875496}",25,14,13.849913130003252,"{0: 11, 1: 0, 2: 0, 3: 0, 4: 0}",1
321,False,"{'a': 0.9, 'e': 0.03970977861200674}",20,14,10.96310384663062,"{0: 6, 1: 0, 2: 0, 3: 0, 4: 0}",1
322,False,"{'a': 0.9, 'e': 0.039312680825886674}",35,20,28.52304126854689,"{0: 15, 1: 0, 2: 0, 3: 0, 4: 0}",1
323,False,"{'a': 0.9, 'e': 0.038919554017627804}",30,13,33.630874792461995,"{0: 17, 1: 0, 2: 0, 3: 0, 4: 0}",1
324,False,"{'a': 0.9, 'e': 0.03853035847745152}",25,17,16.771461862719686,"{0: 8, 1: 0, 2: 0, 3: 0, 4: 0}",1
325,False,"{'a': 0.9, 'e': 0.03814505489267701}",20,9,24.71973544814879,"{0: 11, 1: 0, 2: 0, 3: 0, 4: 0}",1
326,False,"{'a': 0.9, 'e': 0.03776360434375024}",25,18,13.881307798886066,"{0: 7, 1: 0, 2: 0, 3: 0, 4: 0}",1
327,False,"{'a': 0.9, 'e': 0.03738596830031274}",20,9,21.90016883078875,"{0: 11, 1: 0, 2: 0, 3: 0, 4: 0}",1
328,False,"{'a': 0.9, 'e': 0.03701210861730961}",20,9,20.042292306744393,"{0: 11, 1: 0, 2: 0, 3: 0, 4: 0}",1
329,False,"{'a': 0.9, 'e': 0.03664198753113651}",20,10,18.851556096508908,"{0: 10, 1: 0, 2: 0, 3: 0, 4: 0}",1
330,False,"{'a': 0.9, 'e': 0.036275567655825146}",20,14,11.36851484065798,"{0: 6, 1: 0, 2: 0, 3: 0, 4: 0}",1
331,False,"{'a': 0.9, 'e': 0.03591281197926689}",20,11,10.989006283265828,"{0: 8, 1: 1, 2: 0, 3: 0, 4: 0}",1
332,False,"{'a': 0.9, 'e': 0.03555368385947423}",25,17,15.534489185954312,"{0: 8, 1: 0, 2: 0, 3: 0, 4: 0}",1
333,False,"{'a': 0.9, 'e': 0.035198147020879485}",25,15,21.167142895018216,"{0: 10, 1: 0, 2: 0, 3: 0, 4: 0}",1
334,False,"{'a': 0.9, 'e': 0.03484616555067069}",35,15,39.936683742663305,"{0: 20, 1: 0, 2: 0, 3: 0, 4: 0}",1
335,False,"{'a': 0.9, 'e': 0.03449770389516398}",25,12,23.980839621003096,"{0: 13, 1: 0, 2: 0, 3: 0, 4: 0}",1
336,False,"{'a': 0.9, 'e': 0.03415272685621234}",20,12,16.53854607047872,"{0: 8, 1: 0, 2: 0, 3: 0, 4: 0}",1
337,False,"{'a': 0.9, 'e': 0.03381119958765022}",20,8,22.21063791635085,"{0: 12, 1: 0, 2: 0, 3: 0, 4: 0}",1
338,False,"{'a': 0.9, 'e': 0.03347308759177372}",20,12,3.672414724915997,"{0: 7, 1: 0, 2: 1, 3: 0, 4: 0}",1
339,False,"{'a': 0.9, 'e': 0.03313835671585598}",25,15,15.423743120749862,"{0: 10, 1: 0, 2: 0, 3: 0, 4: 0}",1
340,False,"{'a': 0.9, 'e': 0.03280697314869742}",25,18,13.994467840657544,"{0: 7, 1: 0, 2: 0, 3: 0, 4: 0}",1
341,False,"{'a': 0.9, 'e': 0.03247890341721044}",20,12,2.9583922948558365,"{0: 7, 1: 0, 2: 1, 3: 0, 4: 0}",1
342,False,"{'a': 0.9, 'e': 0.03215411438303834}",30,19,-0.09204772188541388,"{0: 10, 1: 0, 2: 0, 3: 1, 4: 0}",1
343,False,"{'a': 0.9, 'e': 0.031832573239207955}",25,16,16.3537328362095,"{0: 9, 1: 0, 2: 0, 3: 0, 4: 0}",1
344,False,"{'a': 0.9, 'e': 0.031514247506815876}",20,15,9.796557799106404,"{0: 5, 1: 0, 2: 0, 3: 0, 4: 0}",1
345,False,"{'a': 0.9, 'e': 0.031199105031747717}",20,11,18.036274297526994,"{0: 9, 1: 0, 2: 0, 3: 0, 4: 0}",1
346,False,"{'a': 0.9, 'e': 0.03088711398143024}",25,11,25.935340587538924,"{0: 14, 1: 0, 2: 0, 3: 0, 4: 0}",1
347,False,"{'a': 0.9, 'e': 0.030578242841615935}",30,22,17.437678004713074,"{0: 8, 1: 0, 2: 0, 3: 0, 4: 0}",1
348,False,"{'a': 0.9, 'e': 0.030272460413199778}",30,13,21.779712686061572,"{0: 16, 1: 0, 2: 1, 3: 0, 4: 0}",1
349,False,"{'a': 0.9, 'e': 0.02996973580906778}",20,5,-13.206885338358587,"{0: 14, 1: 0, 2: 0, 3: 0, 4: 1}",1
350,False,"{'a': 0.9, 'e': 0.0296700384509771}",20,16,6.695187898383921,"{0: 4, 1: 0, 2: 0, 3: 0, 4: 0}",1
351,False,"{'a': 0.9, 'e': 0.02937333806646733}",20,16,3.9054253465951008,"{0: 4, 1: 0, 2: 0, 3: 0, 4: 0}",1
352,False,"{'a': 0.9, 'e': 0.029079604685802656}",25,16,19.820375084393504,"{0: 9, 1: 0, 2: 0, 3: 0, 4: 0}",1
353,False,"{'a': 0.9, 'e': 0.02878880863894463}",25,11,29.950647476468315,"{0: 14, 1: 0, 2: 0, 3: 0, 4: 0}",1
354,False,"{'a': 0.9, 'e': 0.02850092055255518}",20,16,7.90552863347648,"{0: 4, 1: 0, 2: 0, 3: 0, 4: 0}",1
355,False,"{'a': 0.9, 'e': 0.02821591134702963}",25,14,20.13652205605868,"{0: 11, 1: 0, 2: 0, 3: 0, 4: 0}",1
356,False,"{'a': 0.9, 'e': 0.027933752233559334}",25,5,31.50593013598545,"{0: 20, 1: 0, 2: 0, 3: 0, 4: 0}",1
357,False,"{'a': 0.9, 'e': 0.027654414711223742}",20,9,18.84833232801622,"{0: 11, 1: 0, 2: 0, 3: 0, 4: 0}",1
358,False,"{'a': 0.9, 'e': 0.027377870564111503}",25,17,15.022586114332336,"{0: 8, 1: 0, 2: 0, 3: 0, 4: 0}",1
359,False,"{'a': 0.9, 'e': 0.027104091858470385}",30,16,20.017431711617142,"{0: 14, 1: 0, 2: 0, 3: 0, 4: 0}",1
360,False,"{'a': 0.9, 'e': 0.026833050939885684}",25,16,16.722342782862334,"{0: 9, 1: 0, 2: 0, 3: 0, 4: 0}",1
361,False,"{'a': 0.9, 'e': 0.026564720430486827}",30,24,11.859159088533385,"{0: 6, 1: 0, 2: 0, 3: 0, 4: 0}",1
362,False,"{'a': 0.9, 'e': 0.026299073226181958}",25,11,27.50689190168466,"{0: 14, 1: 0, 2: 0, 3: 0, 4: 0}",1
363,False,"{'a': 0.9, 'e': 0.026036082493920136}",20,16,7.869324054395636,"{0: 4, 1: 0, 2: 0, 3: 0, 4: 0}",1
364,False,"{'a': 0.9, 'e': 0.025775721668980935}",20,16,7.808374182087768,"{0: 4, 1: 0, 2: 0, 3: 0, 4: 0}",1
365,False,"{'a': 0.9, 'e': 0.025517964452291125}",20,8,19.542738440010705,"{0: 12, 1: 0, 2: 0, 3: 0, 4: 0}",1
366,False,"{'a': 0.9, 'e': 0.025262784807768213}",35,20,30.745641760756563,"{0: 15, 1: 0, 2: 0, 3: 0, 4: 0}",1
367,False,"{'a': 0.9, 'e': 0.025010156959690534}",25,18,14.788503789863164,"{0: 7, 1: 0, 2: 0, 3: 0, 4: 0}",1
368,False,"{'a': 0.9, 'e': 0.024760055390093627}",25,12,25.51520529536996,"{0: 13, 1: 0, 2: 0, 3: 0, 4: 0}",1
369,False,"{'a': 0.9, 'e': 0.02451245483619269}",25,17,14.762034591084975,"{0: 8, 1: 0, 2: 0, 3: 0, 4: 0}",1
370,False,"{'a': 0.9, 'e': 0.024267330287830763}",30,17,25.537060605755208,"{0: 13, 1: 0, 2: 0, 3: 0, 4: 0}",1
371,False,"{'a': 0.9, 'e': 0.024024656984952455}",25,9,-5.614936804373674,"{0: 14, 1: 0, 2: 1, 3: 1, 4: 0}",1
372,False,"{'a': 0.9, 'e': 0.02378441041510293}",25,13,21.67042287083042,"{0: 12, 1: 0, 2: 0, 3: 0, 4: 0}",1
373,False,"{'a': 0.9, 'e': 0.0235465663109519}",30,19,19.462330025542286,"{0: 11, 1: 0, 2: 0, 3: 0, 4: 0}",1
374,False,"{'a': 0.9, 'e': 0.02331110064784238}",20,10,16.97650734382198,"{0: 10, 1: 0, 2: 0, 3: 0, 4: 0}",1
375,False,"{'a': 0.9, 'e': 0.02307798964136396}",35,13,35.671126174501204,"{0: 22, 1: 0, 2: 0, 3: 0, 4: 0}",1
376,False,"{'a': 0.9, 'e': 0.022847209744950317}",30,16,27.238987674723646,"{0: 14, 1: 0, 2: 0, 3: 0, 4: 0}",1
377,False,"{'a': 0.9, 'e': 0.022618737647500817}",20,12,12.67019343047843,"{0: 8, 1: 0, 2: 0, 3: 0, 4: 0}",1
378,False,"{'a': 0.9, 'e': 0.022392550271025807}",25,11,22.1827940822855,"{0: 14, 1: 0, 2: 0, 3: 0, 4: 0}",1
379,False,"{'a': 0.9, 'e': 0.022168624768315548}",25,17,12.790536271307333,"{0: 8, 1: 0, 2: 0, 3: 0, 4: 0}",1
380,False,"{'a': 0.9, 'e': 0.021946938520632394}",20,7,23.495832504660928,"{0: 13, 1: 0, 2: 0, 3: 0, 4: 0}",1
381,False,"{'a': 0.9, 'e': 0.02172746913542607}",30,17,21.237332023267292,"{0: 13, 1: 0, 2: 0, 3: 0, 4: 0}",1
382,False,"{'a': 0.9, 'e': 0.021510194444071807}",20,8,19.849225988787964,"{0: 12, 1: 0, 2: 0, 3: 0, 4: 0}",1
383,False,"{'a': 0.9, 'e': 0.021295092499631088}",30,24,12.077996979915001,"{0: 6, 1: 0, 2: 0, 3: 0, 4: 0}",1
384,False,"{'a': 0.9, 'e': 0.02108214157463478}",25,13,21.340860920046286,"{0: 12, 1: 0, 2: 0, 3: 0, 4: 0}",1
385,False,"{'a': 0.9, 'e': 0.02087132015888843}",20,12,15.41898172229052,"{0: 8, 1: 0, 2: 0, 3: 0, 4: 0}",1
386,False,"{'a': 0.9, 'e': 0.020662606957299545}",20,11,18.54567501102799,"{0: 9, 1: 0, 2: 0, 3: 0, 4: 0}",1
387,False,"{'a': 0.9, 'e': 0.02045598088772655}",20,0,-14.961414898565897,"{0: 19, 1: 0, 2: 0, 3: 0, 4: 1}",0
388,False,"{'a': 0.9, 'e': 0.020251421078849283}",30,17,24.916658150410985,"{0: 13, 1: 0, 2: 0, 3: 0, 4: 0}",1
389,False,"{'a': 0.9, 'e': 0.02004890686806079}",30,20,23.944719168711078,"{0: 10, 1: 0, 2: 0, 3: 0, 4: 0}",1
390,False,"{'a': 0.9, 'e': 0.019848417799380184}",25,18,14.781162972118977,"{0: 7, 1: 0, 2: 0, 3: 0, 4: 0}",1
391,False,"{'a': 0.9, 'e': 0.01964993362138638}",25,18,10.805650315844858,"{0: 7, 1: 0, 2: 0, 3: 0, 4: 0}",1
392,False,"{'a': 0.9, 'e': 0.019453434285172516}",30,13,29.9190254690527,"{0: 17, 1: 0, 2: 0, 3: 0, 4: 0}",1
393,False,"{'a': 0.9, 'e': 0.01925889994232079}",20,9,21.136746459176194,"{0: 11, 1: 0, 2: 0, 3: 0, 4: 0}",1
394,False,"{'a': 0.9, 'e': 0.019066310942897586}",25,8,-12.47917818879997,"{0: 16, 1: 0, 2: 0, 3: 0, 4: 1}",1
395,False,"{'a': 0.9, 'e': 0.01887564783346861}",20,3,28.492151378736324,"{0: 17, 1: 0, 2: 0, 3: 0, 4: 0}",1
396,False,"{'a': 0.9, 'e': 0.018686891355133923}",25,7,33.06167051466671,"{0: 18, 1: 0, 2: 0, 3: 0, 4: 0}",1
397,False,"{'a': 0.9, 'e': 0.01850002244158258}",20,12,13.044165533057656,"{0: 8, 1: 0, 2: 0, 3: 0, 4: 0}",1
398,False,"{'a': 0.9, 'e': 0.018315022217166757}",25,16,13.962393887859681,"{0: 9, 1: 0, 2: 0, 3: 0, 4: 0}",1
399,False,"{'a': 0.9, 'e': 0.018131871994995087}",20,16,5.705414182937138,"{0: 4, 1: 0, 2: 0, 3: 0, 4: 0}",1
400,False,"{'a': 0.9, 'e': 0.017950553275045137}",25,13,21.843695069067493,"{0: 12, 1: 0, 2: 0, 3: 0, 4: 0}",1
401,False,"{'a': 0.9, 'e': 0.017771047742294686}",25,11,25.71635600904885,"{0: 14, 1: 0, 2: 0, 3: 0, 4: 0}",1
402,False,"{'a': 0.9, 'e': 0.01759333726487174}",20,10,18.569835533787394,"{0: 10, 1: 0, 2: 0, 3: 0, 4: 0}",1
403,False,"{'a': 0.9, 'e': 0.017417403892223023}",25,18,14.962393739239195,"{0: 7, 1: 0, 2: 0, 3: 0, 4: 0}",1
404,False,"{'a': 0.9, 'e': 0.01724322985330079}",20,8,24.67668120884229,"{0: 12, 1: 0, 2: 0, 3: 0, 4: 0}",1
405,False,"{'a': 0.9, 'e': 0.017070797554767782}",20,13,12.932688571575117,"{0: 7, 1: 0, 2: 0, 3: 0, 4: 0}",1
406,False,"{'a': 0.9, 'e': 0.016900089579220106}",30,18,26.643135971323982,"{0: 12, 1: 0, 2: 0, 3: 0, 4: 0}",1
407,False,"{'a': 0.9, 'e': 0.016731088683427903}",30,15,29.216662928667386,"{0: 15, 1: 0, 2: 0, 3: 0, 4: 0}",1
408,False,"{'a': 0.9, 'e': 0.016563777796593626}",25,10,31.40457024556431,"{0: 15, 1: 0, 2: 0, 3: 0, 4: 0}",1
409,False,"{'a': 0.9, 'e': 0.016398140018627688}",30,15,30.467247724566334,"{0: 15, 1: 0, 2: 0, 3: 0, 4: 0}",1
410,False,"{'a': 0.9, 'e': 0.01623415861844141}",30,16,25.362722805680736,"{0: 14, 1: 0, 2: 0, 3: 0, 4: 0}",1
411,False,"{'a': 0.9, 'e': 0.016071817032256998}",20,15,10.34750717261731,"{0: 5, 1: 0, 2: 0, 3: 0, 4: 0}",1
412,False,"{'a': 0.9, 'e': 0.015911098861934425}",35,13,42.417304143237864,"{0: 22, 1: 0, 2: 0, 3: 0, 4: 0}",1
413,False,"{'a': 0.9, 'e': 0.015751987873315082}",20,15,9.014057665129464,"{0: 5, 1: 0, 2: 0, 3: 0, 4: 0}",1
414,False,"{'a': 0.9, 'e': 0.015594467994581931}",25,16,17.066119864422728,"{0: 9, 1: 0, 2: 0, 3: 0, 4: 0}",1
415,False,"{'a': 0.9, 'e': 0.015438523314636111}",30,19,21.07497096596943,"{0: 11, 1: 0, 2: 0, 3: 0, 4: 0}",1
416,False,"{'a': 0.9, 'e': 0.01528413808148975}",20,11,15.583641931715775,"{0: 9, 1: 0, 2: 0, 3: 0, 4: 0}",1
417,False,"{'a': 0.9, 'e': 0.015131296700674854}",25,0,31.58315814931114,"{0: 25, 1: 0, 2: 0, 3: 0, 4: 0}",1
418,False,"{'a': 0.9, 'e': 0.014979983733668104}",20,0,30.438316761209865,"{0: 20, 1: 0, 2: 0, 3: 0, 4: 0}",0
419,False,"{'a': 0.9, 'e': 0.014830183896331423}",20,13,14.22221316944724,"{0: 7, 1: 0, 2: 0, 3: 0, 4: 0}",1
420,False,"{'a': 0.9, 'e': 0.014681882057368109}",35,15,40.44974001444333,"{0: 20, 1: 0, 2: 0, 3: 0, 4: 0}",1
421,False,"{'a': 0.9, 'e': 0.014535063236794427}",20,4,29.635726590479987,"{0: 16, 1: 0, 2: 0, 3: 0, 4: 0}",1
422,False,"{'a': 0.9, 'e': 0.014389712604426484}",25,6,35.640046405858556,"{0: 19, 1: 0, 2: 0, 3: 0, 4: 0}",1
423,False,"{'a': 0.9, 'e': 0.014245815478382218}",20,15,9.7551209507987,"{0: 5, 1: 0, 2: 0, 3: 0, 4: 0}",1
424,False,"{'a': 0.9, 'e': 0.014103357323598397}",25,15,19.34295574036426,"{0: 10, 1: 0, 2: 0, 3: 0, 4: 0}",1
425,False,"{'a': 0.9, 'e': 0.013962323750362412}",20,7,20.54233545185414,"{0: 13, 1: 0, 2: 0, 3: 0, 4: 0}",1
426,False,"{'a': 0.9, 'e': 0.013822700512858787}",20,7,24.37708560415937,"{0: 13, 1: 0, 2: 0, 3: 0, 4: 0}",1
427,False,"{'a': 0.9, 'e': 0.013684473507730199}",25,20,9.043185868224448,"{0: 5, 1: 0, 2: 0, 3: 0, 4: 0}",1
428,False,"{'a': 0.9, 'e': 0.013547628772652897}",25,15,20.269435693691758,"{0: 10, 1: 0, 2: 0, 3: 0, 4: 0}",1
429,False,"{'a': 0.9, 'e': 0.013412152484926368}",20,16,7.467489048223317,"{0: 4, 1: 0, 2: 0, 3: 0, 4: 0}",1
430,False,"{'a': 0.9, 'e': 0.013278030960077104}",25,17,13.516786164515235,"{0: 8, 1: 0, 2: 0, 3: 0, 4: 0}",1
431,False,"{'a': 0.9, 'e': 0.013145250650476333}",35,18,21.250894637517412,"{0: 16, 1: 0, 2: 1, 3: 0, 4: 0}",1
432,False,"{'a': 0.9, 'e': 0.01301379814397157}",30,20,17.513114866238414,"{0: 10, 1: 0, 2: 0, 3: 0, 4: 0}",1
433,False,"{'a': 0.9, 'e': 0.012883660162531854}",25,9,30.717166467549443,"{0: 16, 1: 0, 2: 0, 3: 0, 4: 0}",1
434,False,"{'a': 0.9, 'e': 0.012754823560906535}",20,14,11.971704659549282,"{0: 6, 1: 0, 2: 0, 3: 0, 4: 0}",1
435,False,"{'a': 0.9, 'e': 0.01262727532529747}",35,23,22.20362293808587,"{0: 12, 1: 0, 2: 0, 3: 0, 4: 0}",1
436,False,"{'a': 0.9, 'e': 0.012501002572044496}",20,11,17.097724144190735,"{0: 9, 1: 0, 2: 0, 3: 0, 4: 0}",1
437,False,"{'a': 0.9, 'e': 0.01237599254632405}",20,3,30.55180413199505,"{0: 17, 1: 0, 2: 0, 3: 0, 4: 0}",1
438,False,"{'a': 0.9, 'e': 0.012252232620860809}",20,16,7.291685985357379,"{0: 4, 1: 0, 2: 0, 3: 0, 4: 0}",1
439,False,"{'a': 0.9, 'e': 0.012129710294652202}",30,18,18.855200374927698,"{0: 12, 1: 0, 2: 0, 3: 0, 4: 0}",1
440,False,"{'a': 0.9, 'e': 0.01200841319170568}",35,23,18.940423153744135,"{0: 12, 1: 0, 2: 0, 3: 0, 4: 0}",1
441,False,"{'a': 0.9, 'e': 0.011888329059788622}",25,13,11.261856137053426,"{0: 11, 1: 0, 2: 1, 3: 0, 4: 0}",1
442,False,"{'a': 0.9, 'e': 0.011769445769190737}",25,17,16.20365840729363,"{0: 8, 1: 0, 2: 0, 3: 0, 4: 0}",1
443,False,"{'a': 0.9, 'e': 0.011651751311498829}",25,18,12.481008947568085,"{0: 7, 1: 0, 2: 0, 3: 0, 4: 0}",1
444,False,"{'a': 0.9, 'e': 0.01153523379838384}",20,12,15.243281520255778,"{0: 8, 1: 0, 2: 0, 3: 0, 4: 0}",1
445,False,"{'a': 0.9, 'e': 0.011419881460400001}",20,14,11.881722270277466,"{0: 6, 1: 0, 2: 0, 3: 0, 4: 0}",1
446,False,"{'a': 0.9, 'e': 0.011305682645796001}",20,2,27.67285889632678,"{0: 18, 1: 0, 2: 0, 3: 0, 4: 0}",1
447,False,"{'a': 0.9, 'e': 0.011192625819338041}",30,18,21.75128380808502,"{0: 12, 1: 0, 2: 0, 3: 0, 4: 0}",1
448,False,"{'a': 0.9, 'e': 0.011080699561144661}",25,18,13.166076767656,"{0: 7, 1: 0, 2: 0, 3: 0, 4: 0}",1
449,False,"{'a': 0.9, 'e': 0.010969892565533214}",25,18,14.606359064092583,"{0: 7, 1: 0, 2: 0, 3: 0, 4: 0}",1
450,False,"{'a': 0.9, 'e': 0.010860193639877882}",20,10,18.142464589367453,"{0: 10, 1: 0, 2: 0, 3: 0, 4: 0}",1
451,False,"{'a': 0.9, 'e': 0.010751591703479103}",30,18,21.54450841674819,"{0: 12, 1: 0, 2: 0, 3: 0, 4: 0}",1
452,False,"{'a': 0.9, 'e': 0.010644075786444312}",25,18,13.865853587533527,"{0: 7, 1: 0, 2: 0, 3: 0, 4: 0}",1
453,False,"{'a': 0.9, 'e': 0.01053763502857987}",20,10,16.18302218550183,"{0: 10, 1: 0, 2: 0, 3: 0, 4: 0}",1
454,False,"{'a': 0.9, 'e': 0.01043225867829407}",20,10,17.581823593712226,"{0: 10, 1: 0, 2: 0, 3: 0, 4: 0}",1
455,False,"{'a': 0.9, 'e': 0.01032793609151113}",20,15,8.913926774448807,"{0: 5, 1: 0, 2: 0, 3: 0, 4: 0}",1
456,False,"{'a': 0.9, 'e': 0.010224656730596018}",25,17,8.81100246365196,"{0: 7, 1: 1, 2: 0, 3: 0, 4: 0}",1
457,False,"{'a': 0.9, 'e': 0.010122410163290057}",30,20,6.879800145508665,"{0: 9, 1: 0, 2: 1, 3: 0, 4: 0}",1
458,False,"{'a': 0.9, 'e': 0.010021186061657156}",20,10,15.820277412767183,"{0: 10, 1: 0, 2: 0, 3: 0, 4: 0}",1
459,False,"{'a': 0.9, 'e': 0.009920974201040586}",30,20,19.849859822703046,"{0: 10, 1: 0, 2: 0, 3: 0, 4: 0}",1
460,False,"{'a': 0.9, 'e': 0.009821764459030179}",20,10,19.241124458961295,"{0: 10, 1: 0, 2: 0, 3: 0, 4: 0}",1
461,False,"{'a': 0.9, 'e': 0.009723546814439878}",20,14,13.041242030986165,"{0: 6, 1: 0, 2: 0, 3: 0, 4: 0}",1
462,False,"{'a': 0.9, 'e': 0.009626311346295479}",20,13,13.791705466118295,"{0: 7, 1: 0, 2: 0, 3: 0, 4: 0}",1
463,False,"{'a': 0.9, 'e': 0.009530048232832523}",25,9,29.883781687086984,"{0: 16, 1: 0, 2: 0, 3: 0, 4: 0}",1
464,False,"{'a': 0.9, 'e': 0.009434747750504199}",20,12,17.757394641430857,"{0: 8, 1: 0, 2: 0, 3: 0, 4: 0}",1
465,False,"{'a': 0.9, 'e': 0.009340400272999157}",25,14,20.193289923160332,"{0: 11, 1: 0, 2: 0, 3: 0, 4: 0}",1
466,False,"{'a': 0.9, 'e': 0.009246996270269165}",20,13,13.95708829527867,"{0: 7, 1: 0, 2: 0, 3: 0, 4: 0}",1
467,False,"{'a': 0.9, 'e': 0.009154526307566474}",20,10,16.94939255997882,"{0: 10, 1: 0, 2: 0, 3: 0, 4: 0}",1
468,False,"{'a': 0.9, 'e': 0.009062981044490808}",20,4,26.57702328817447,"{0: 16, 1: 0, 2: 0, 3: 0, 4: 0}",1
469,False,"{'a': 0.9, 'e': 0.0089723512340459}",20,12,13.129242299777417,"{0: 8, 1: 0, 2: 0, 3: 0, 4: 0}",1
470,False,"{'a': 0.9, 'e': 0.00888262772170544}",20,3,28.336067339967663,"{0: 17, 1: 0, 2: 0, 3: 0, 4: 0}",1
471,False,"{'a': 0.9, 'e': 0.008793801444488386}",25,17,13.396571043921387,"{0: 8, 1: 0, 2: 0, 3: 0, 4: 0}",1
472,False,"{'a': 0.9, 'e': 0.008705863430043502}",25,17,14.224808043643177,"{0: 8, 1: 0, 2: 0, 3: 0, 4: 0}",1
473,False,"{'a': 0.9, 'e': 0.008618804795743068}",30,16,26.412666180874464,"{0: 14, 1: 0, 2: 0, 3: 0, 4: 0}",1
474,False,"{'a': 0.9, 'e': 0.008532616747785637}",25,12,25.99879981826999,"{0: 13, 1: 0, 2: 0, 3: 0, 4: 0}",1
475,False,"{'a': 0.9, 'e': 0.00844729058030778}",25,14,20.95390985581877,"{0: 11, 1: 0, 2: 0, 3: 0, 4: 0}",1
476,False,"{'a': 0.9, 'e': 0.008362817674504702}",20,8,24.12953386628765,"{0: 12, 1: 0, 2: 0, 3: 0, 4: 0}",1
477,False,"{'a': 0.9, 'e': 0.008279189497759656}",25,17,15.602500367455752,"{0: 8, 1: 0, 2: 0, 3: 0, 4: 0}",1
478,False,"{'a': 0.9, 'e': 0.008196397602782058}",35,21,32.02498052434012,"{0: 14, 1: 0, 2: 0, 3: 0, 4: 0}",1
479,False,"{'a': 0.9, 'e': 0.008114433626754238}",20,9,7.976206440752076,"{0: 10, 1: 0, 2: 1, 3: 0, 4: 0}",1
480,False,"{'a': 0.9, 'e': 0.008033289290486696}",20,12,14.802839773581397,"{0: 8, 1: 0, 2: 0, 3: 0, 4: 0}",1
481,False,"{'a': 0.9, 'e': 0.00795295639758183}",20,6,25.245299735176474,"{0: 14, 1: 0, 2: 0, 3: 0, 4: 0}",1
482,False,"{'a': 0.9, 'e': 0.00787342683360601}",20,11,16.560655397034253,"{0: 9, 1: 0, 2: 0, 3: 0, 4: 0}",1
483,False,"{'a': 0.9, 'e': 0.0077946925652699495}",25,15,-3.825868533630327,"{0: 9, 1: 0, 2: 0, 3: 1, 4: 0}",1
484,False,"{'a': 0.9, 'e': 0.00771674563961725}",20,11,16.48185733121742,"{0: 9, 1: 0, 2: 0, 3: 0, 4: 0}",1
485,False,"{'a': 0.9, 'e': 0.007639578183221077}",25,17,12.909642359288203,"{0: 8, 1: 0, 2: 0, 3: 0, 4: 0}",1
486,False,"{'a': 0.9, 'e': 0.0075631824013888665}",20,7,22.751470312872726,"{0: 13, 1: 0, 2: 0, 3: 0, 4: 0}",1
487,False,"{'a': 0.9, 'e': 0.0074875505773749785}",30,17,25.843838493655706,"{0: 13, 1: 0, 2: 0, 3: 0, 4: 0}",1
488,False,"{'a': 0.9, 'e': 0.007412675071601228}",35,24,20.482298693939622,"{0: 11, 1: 0, 2: 0, 3: 0, 4: 0}",1
489,False,"{'a': 0.9, 'e': 0.007338548320885216}",20,7,25.223889323344398,"{0: 13, 1: 0, 2: 0, 3: 0, 4: 0}",1
490,False,"{'a': 0.9, 'e': 0.0072651628376763635}",35,11,46.80094873732183,"{0: 24, 1: 0, 2: 0, 3: 0, 4: 0}",1
491,False,"{'a': 0.9, 'e': 0.0071925112092996}",20,8,20.992782466051683,"{0: 12, 1: 0, 2: 0, 3: 0, 4: 0}",1
492,False,"{'a': 0.9, 'e': 0.007120586097206604}",20,12,14.380260205613787,"{0: 8, 1: 0, 2: 0, 3: 0, 4: 0}",1
493,False,"{'a': 0.9, 'e': 0.007049380236234538}",20,14,10.854753150331208,"{0: 6, 1: 0, 2: 0, 3: 0, 4: 0}",1
494,False,"{'a': 0.9, 'e': 0.006978886433872193}",35,19,29.66042075103479,"{0: 16, 1: 0, 2: 0, 3: 0, 4: 0}",1
495,False,"{'a': 0.9, 'e': 0.00690909756953347}",20,6,21.053456524529366,"{0: 14, 1: 0, 2: 0, 3: 0, 4: 0}",1
496,False,"{'a': 0.9, 'e': 0.006840006593838136}",30,17,24.560898617278404,"{0: 13, 1: 0, 2: 0, 3: 0, 4: 0}",1
497,False,"{'a': 0.9, 'e': 0.006771606527899755}",25,17,15.695359155168699,"{0: 8, 1: 0, 2: 0, 3: 0, 4: 0}",1
498,False,"{'a': 0.9, 'e': 0.0067038904626207565}",20,6,22.369110478301188,"{0: 14, 1: 0, 2: 0, 3: 0, 4: 0}",1
499,False,"{'a': 0.9, 'e': 0.006636851557994549}",20,16,6.900550453343879,"{0: 4, 1: 0, 2: 0, 3: 0, 4: 0}",1
500,False,"{'a': 0.9, 'e': 0.006570483042414603}",25,15,22.539582736985324,"{0: 10, 1: 0, 2: 0, 3: 0, 4: 0}",1
501,False,"{'a': 0.9, 'e': 0.006504778211990457}",20,16,7.451414216145792,"{0: 4, 1: 0, 2: 0, 3: 0, 4: 0}",1
502,False,"{'a': 0.9, 'e': 0.006439730429870553}",20,16,7.6130657058297855,"{0: 4, 1: 0, 2: 0, 3: 0, 4: 0}",1
503,False,"{'a': 0.9, 'e': 0.006375333125571847}",20,8,23.620286871409384,"{0: 12, 1: 0, 2: 0, 3: 0, 4: 0}",1
504,False,"{'a': 0.9, 'e': 0.006311579794316129}",20,16,6.760243215665933,"{0: 4, 1: 0, 2: 0, 3: 0, 4: 0}",1
505,False,"{'a': 0.9, 'e': 0.006248463996372968}",20,13,14.885315862462416,"{0: 7, 1: 0, 2: 0, 3: 0, 4: 0}",1
506,False,"{'a': 0.9, 'e': 0.0061859793564092375}",25,8,8.093994140107329,"{0: 16, 1: 0, 2: 0, 3: 1, 4: 0}",1
507,False,"{'a': 0.9, 'e': 0.006124119562845145}",25,14,20.117524538332844,"{0: 11, 1: 0, 2: 0, 3: 0, 4: 0}",1
508,False,"{'a': 0.9, 'e': 0.0060628783672166935}",20,12,15.944391623023844,"{0: 8, 1: 0, 2: 0, 3: 0, 4: 0}",1
509,False,"{'a': 0.9, 'e': 0.006002249583544526}",25,13,25.63580230929901,"{0: 12, 1: 0, 2: 0, 3: 0, 4: 0}",1
510,False,"{'a': 0.9, 'e': 0.005942227087709081}",30,18,24.873940962041207,"{0: 12, 1: 0, 2: 0, 3: 0, 4: 0}",1
511,False,"{'a': 0.9, 'e': 0.00588280481683199}",20,14,12.316881592728587,"{0: 6, 1: 0, 2: 0, 3: 0, 4: 0}",1
512,False,"{'a': 0.9, 'e': 0.005823976768663671}",20,3,29.990532797506606,"{0: 17, 1: 0, 2: 0, 3: 0, 4: 0}",1
513,False,"{'a': 0.9, 'e': 0.0057657370009770335}",20,10,17.537952052753386,"{0: 10, 1: 0, 2: 0, 3: 0, 4: 0}",1
514,False,"{'a': 0.9, 'e': 0.005708079630967263}",25,11,26.094975844454915,"{0: 14, 1: 0, 2: 0, 3: 0, 4: 0}",1
515,False,"{'a': 0.9, 'e': 0.00565099883465759}",20,16,7.811243812611493,"{0: 4, 1: 0, 2: 0, 3: 0, 4: 0}",1
516,False,"{'a': 0.9, 'e': 0.005594488846311015}",20,11,15.022638013056694,"{0: 9, 1: 0, 2: 0, 3: 0, 4: 0}",1
517,False,"{'a': 0.9, 'e': 0.005538543957847904}",35,18,28.893611991491408,"{0: 17, 1: 0, 2: 0, 3: 0, 4: 0}",1
518,False,"{'a': 0.9, 'e': 0.005483158518269426}",20,0,28.117336187071,"{0: 20, 1: 0, 2: 0, 3: 0, 4: 0}",1
519,False,"{'a': 0.9, 'e': 0.005428326933086731}",25,3,24.661873988511935,"{0: 21, 1: 0, 2: 1, 3: 0, 4: 0}",1
520,False,"{'a': 0.9, 'e': 0.005374043663755864}",20,11,16.683982072028886,"{0: 9, 1: 0, 2: 0, 3: 0, 4: 0}",1
521,False,"{'a': 0.9, 'e': 0.005320303227118305}",25,18,12.15812906328375,"{0: 7, 1: 0, 2: 0, 3: 0, 4: 0}",1
522,False,"{'a': 0.9, 'e': 0.005267100194847122}",35,12,41.4367265292678,"{0: 23, 1: 0, 2: 0, 3: 0, 4: 0}",1
523,False,"{'a': 0.9, 'e': 0.005214429192898651}",25,17,15.989044514015404,"{0: 8, 1: 0, 2: 0, 3: 0, 4: 0}",1
524,False,"{'a': 0.9, 'e': 0.005162284900969664}",20,0,29.91015931431688,"{0: 20, 1: 0, 2: 0, 3: 0, 4: 0}",0
525,False,"{'a': 0.9, 'e': 0.005110662051959968}",25,13,25.63001041810459,"{0: 12, 1: 0, 2: 0, 3: 0, 4: 0}",1
526,False,"{'a': 0.9, 'e': 0.005059555431440368}",20,14,11.90324366468107,"{0: 6, 1: 0, 2: 0, 3: 0, 4: 0}",1
527,False,"{'a': 0.9, 'e': 0.005008959877125964}",20,13,15.969571613889304,"{0: 7, 1: 0, 2: 0, 3: 0, 4: 0}",1
528,False,"{'a': 0.9, 'e': 0.0049588702783547045}",35,19,32.07681104772339,"{0: 16, 1: 0, 2: 0, 3: 0, 4: 0}",1
529,False,"{'a': 0.9, 'e': 0.004909281575571157}",20,3,29.969233974383144,"{0: 17, 1: 0, 2: 0, 3: 0, 4: 0}",1
530,False,"{'a': 0.9, 'e': 0.0048601887598154455}",30,15,27.551560125844627,"{0: 15, 1: 0, 2: 0, 3: 0, 4: 0}",1
531,False,"{'a': 0.9, 'e': 0.004811586872217291}",35,11,42.22797829058951,"{0: 24, 1: 0, 2: 0, 3: 0, 4: 0}",1
532,False,"{'a': 0.9, 'e': 0.004763471003495118}",20,8,15.60185917630713,"{0: 11, 1: 1, 2: 0, 3: 0, 4: 0}",1
533,False,"{'a': 0.9, 'e': 0.004715836293460167}",20,9,16.30105924036345,"{0: 11, 1: 0, 2: 0, 3: 0, 4: 0}",1
534,False,"{'a': 0.9, 'e': 0.004668677930525565}",20,12,14.472579708702954,"{0: 8, 1: 0, 2: 0, 3: 0, 4: 0}",1
535,False,"{'a': 0.9, 'e': 0.0046219911512203095}",25,3,39.31268045724251,"{0: 22, 1: 0, 2: 0, 3: 0, 4: 0}",1
536,False,"{'a': 0.9, 'e': 0.004575771239708106}",20,9,20.48560840725978,"{0: 11, 1: 0, 2: 0, 3: 0, 4: 0}",1
537,False,"{'a': 0.9, 'e': 0.004530013527311025}",25,11,25.65820596484086,"{0: 14, 1: 0, 2: 0, 3: 0, 4: 0}",1
538,False,"{'a': 0.9, 'e': 0.004484713392037915}",25,15,7.611986947778602,"{0: 9, 1: 0, 2: 1, 3: 0, 4: 0}",1
539,False,"{'a': 0.9, 'e': 0.004439866258117536}",30,19,23.77116784790058,"{0: 11, 1: 0, 2: 0, 3: 0, 4: 0}",1
540,False,"{'a': 0.9, 'e': 0.004395467595536361}",20,6,23.84114444532519,"{0: 14, 1: 0, 2: 0, 3: 0, 4: 0}",1
541,False,"{'a': 0.9, 'e': 0.0043515129195809965}",25,15,18.334158367002097,"{0: 10, 1: 0, 2: 0, 3: 0, 4: 0}",1
542,False,"{'a': 0.9, 'e': 0.004307997790385187}",35,17,31.66690192457553,"{0: 18, 1: 0, 2: 0, 3: 0, 4: 0}",1
543,False,"{'a': 0.9, 'e': 0.004264917812481335}",20,16,7.943749989238827,"{0: 4, 1: 0, 2: 0, 3: 0, 4: 0}",1
544,False,"{'a': 0.9, 'e': 0.004222268634356522}",30,16,24.57989971295203,"{0: 14, 1: 0, 2: 0, 3: 0, 4: 0}",1
545,False,"{'a': 0.9, 'e': 0.004180045948012957}",20,10,22.73305066096771,"{0: 10, 1: 0, 2: 0, 3: 0, 4: 0}",1
546,False,"{'a': 0.9, 'e': 0.004138245488532827}",20,12,16.238417382892706,"{0: 8, 1: 0, 2: 0, 3: 0, 4: 0}",1
547,False,"{'a': 0.9, 'e': 0.004096863033647498}",20,10,17.15692609225671,"{0: 10, 1: 0, 2: 0, 3: 0, 4: 0}",1
548,False,"{'a': 0.9, 'e': 0.0040558944033110235}",30,17,23.12313401457985,"{0: 13, 1: 0, 2: 0, 3: 0, 4: 0}",1
549,False,"{'a': 0.9, 'e': 0.004015335459277913}",20,14,9.631078085046202,"{0: 6, 1: 0, 2: 0, 3: 0, 4: 0}",1
550,False,"{'a': 0.9, 'e': 0.003975182104685134}",20,16,6.8930633209276,"{0: 4, 1: 0, 2: 0, 3: 0, 4: 0}",1
551,False,"{'a': 0.9, 'e': 0.003935430283638282}",20,6,27.473882139875084,"{0: 14, 1: 0, 2: 0, 3: 0, 4: 0}",1
552,False,"{'a': 0.9, 'e': 0.0038960759808018995}",25,16,13.968166713754599,"{0: 9, 1: 0, 2: 0, 3: 0, 4: 0}",1
553,False,"{'a': 0.9, 'e': 0.0038571152209938807}",30,16,19.46215325086675,"{0: 14, 1: 0, 2: 0, 3: 0, 4: 0}",1
554,False,"{'a': 0.9, 'e': 0.0038185440687839418}",35,24,18.407367287620513,"{0: 11, 1: 0, 2: 0, 3: 0, 4: 0}",1
555,False,"{'a': 0.9, 'e': 0.003780358628096102}",30,13,31.622459624648886,"{0: 17, 1: 0, 2: 0, 3: 0, 4: 0}",1
556,False,"{'a': 0.9, 'e': 0.0037425550418151415}",25,16,18.68639332689439,"{0: 9, 1: 0, 2: 0, 3: 0, 4: 0}",1
557,False,"{'a': 0.9, 'e': 0.0037051294913969897}",25,10,24.78630367313187,"{0: 15, 1: 0, 2: 0, 3: 0, 4: 0}",1
558,False,"{'a': 0.9, 'e': 0.00366807819648302}",20,14,10.904418477776415,"{0: 6, 1: 0, 2: 0, 3: 0, 4: 0}",1
559,False,"{'a': 0.9, 'e': 0.0036313974145181895}",20,11,13.95038378342442,"{0: 9, 1: 0, 2: 0, 3: 0, 4: 0}",1
560,False,"{'a': 0.9, 'e': 0.003595083440373008}",25,19,10.534824676581175,"{0: 6, 1: 0, 2: 0, 3: 0, 4: 0}",1
561,False,"{'a': 0.9, 'e': 0.003559132605969278}",25,14,23.806961972692385,"{0: 11, 1: 0, 2: 0, 3: 0, 4: 0}",1
562,False,"{'a': 0.9, 'e': 0.003523541279909585}",35,19,29.283120022360738,"{0: 16, 1: 0, 2: 0, 3: 0, 4: 0}",1
563,False,"{'a': 0.9, 'e': 0.003488305867110489}",20,11,15.483918320364287,"{0: 9, 1: 0, 2: 0, 3: 0, 4: 0}",1
564,False,"{'a': 0.9, 'e': 0.003453422808439384}",20,12,14.904572072515332,"{0: 8, 1: 0, 2: 0, 3: 0, 4: 0}",1
565,False,"{'a': 0.9, 'e': 0.0034188885803549903}",30,16,23.852526922399473,"{0: 14, 1: 0, 2: 0, 3: 0, 4: 0}",1
566,False,"{'a': 0.9, 'e': 0.0033846996945514404}",20,12,16.849502809970083,"{0: 8, 1: 0, 2: 0, 3: 0, 4: 0}",1
567,False,"{'a': 0.9, 'e': 0.003350852697605926}",25,13,20.45495478167566,"{0: 12, 1: 0, 2: 0, 3: 0, 4: 0}",1
568,False,"{'a': 0.9, 'e': 0.0033173441706298664}",30,19,23.911681654120006,"{0: 11, 1: 0, 2: 0, 3: 0, 4: 0}",1
569,False,"{'a': 0.9, 'e': 0.0032841707289235677}",20,12,15.554687263796112,"{0: 8, 1: 0, 2: 0, 3: 0, 4: 0}",1
570,False,"{'a': 0.9, 'e': 0.003251329021634332}",20,16,8.443500408861746,"{0: 4, 1: 0, 2: 0, 3: 0, 4: 0}",1
571,False,"{'a': 0.9, 'e': 0.0032188157314179885}",20,8,23.970781377161618,"{0: 12, 1: 0, 2: 0, 3: 0, 4: 0}",1
572,False,"{'a': 0.9, 'e': 0.003186627574103809}",30,18,21.91542578320186,"{0: 12, 1: 0, 2: 0, 3: 0, 4: 0}",1
573,False,"{'a': 0.9, 'e': 0.0031547612983627705}",30,22,14.381387264226392,"{0: 8, 1: 0, 2: 0, 3: 0, 4: 0}",1
574,False,"{'a': 0.9, 'e': 0.003123213685379143}",30,17,26.35866095535975,"{0: 13, 1: 0, 2: 0, 3: 0, 4: 0}",1
575,False,"{'a': 0.9, 'e': 0.0030919815485253516}",20,3,25.35659931016161,"{0: 17, 1: 0, 2: 0, 3: 0, 4: 0}",1
576,False,"{'a': 0.9, 'e': 0.003061061733040098}",25,7,21.97170977338049,"{0: 17, 1: 0, 2: 1, 3: 0, 4: 0}",1
577,False,"{'a': 0.9, 'e': 0.003030451115709697}",20,2,27.40137141202608,"{0: 18, 1: 0, 2: 0, 3: 0, 4: 0}",1
578,False,"{'a': 0.9, 'e': 0.0030001466045526}",25,17,13.679056720283508,"{0: 8, 1: 0, 2: 0, 3: 0, 4: 0}",1
579,False,"{'a': 0.9, 'e': 0.002970145138507074}",30,23,16.93753060547988,"{0: 7, 1: 0, 2: 0, 3: 0, 4: 0}",1
580,False,"{'a': 0.9, 'e': 0.002940443687122003}",25,12,22.621140648356175,"{0: 13, 1: 0, 2: 0, 3: 0, 4: 0}",1
581,False,"{'a': 0.9, 'e': 0.002911039250250783}",20,16,7.962234490614022,"{0: 4, 1: 0, 2: 0, 3: 0, 4: 0}",1
582,False,"{'a': 0.9, 'e': 0.0028819288577482754}",30,19,24.563541506739174,"{0: 11, 1: 0, 2: 0, 3: 0, 4: 0}",1
583,False,"{'a': 0.9, 'e': 0.0028531095691707925}",20,11,14.998213584405793,"{0: 9, 1: 0, 2: 0, 3: 0, 4: 0}",1
584,False,"{'a': 0.9, 'e': 0.0028245784734790844}",25,7,35.239710930144724,"{0: 18, 1: 0, 2: 0, 3: 0, 4: 0}",1
585,False,"{'a': 0.9, 'e': 0.0027963326887442937}",25,17,13.401321304450036,"{0: 8, 1: 0, 2: 0, 3: 0, 4: 0}",1
586,False,"{'a': 0.9, 'e': 0.0027683693618568506}",20,5,26.789171253058324,"{0: 15, 1: 0, 2: 0, 3: 0, 4: 0}",1
587,False,"{'a': 0.9, 'e': 0.002740685668238282}",25,12,22.815470850467634,"{0: 13, 1: 0, 2: 0, 3: 0, 4: 0}",1
588,False,"{'a': 0.9, 'e': 0.0027132788115558993}",30,15,24.842542266207694,"{0: 15, 1: 0, 2: 0, 3: 0, 4: 0}",1
589,False,"{'a': 0.9, 'e': 0.0026861460234403403}",20,7,23.443253063567465,"{0: 13, 1: 0, 2: 0, 3: 0, 4: 0}",1
590,False,"{'a': 0.9, 'e': 0.002659284563205937}",20,14,12.672770902299142,"{0: 6, 1: 0, 2: 0, 3: 0, 4: 0}",1
591,False,"{'a': 0.9, 'e': 0.0026326917175738774}",20,16,8.354308159863505,"{0: 4, 1: 0, 2: 0, 3: 0, 4: 0}",1
592,False,"{'a': 0.9, 'e': 0.0026063648003981387}",20,14,12.261492665733563,"{0: 6, 1: 0, 2: 0, 3: 0, 4: 0}",1
593,False,"{'a': 0.9, 'e': 0.0025803011523941573}",20,3,31.132411533582918,"{0: 17, 1: 0, 2: 0, 3: 0, 4: 0}",1
594,False,"{'a': 0.9, 'e': 0.0025544981408702158}",25,13,24.059238923161796,"{0: 12, 1: 0, 2: 0, 3: 0, 4: 0}",1
595,False,"{'a': 0.9, 'e': 0.0025289531594615135}",20,14,12.408292855271853,"{0: 6, 1: 0, 2: 0, 3: 0, 4: 0}",1
596,False,"{'a': 0.9, 'e': 0.0025036636278668984}",20,15,11.654579558284246,"{0: 5, 1: 0, 2: 0, 3: 0, 4: 0}",1
597,False,"{'a': 0.9, 'e': 0.0024786269915882293}",25,13,21.10786411893035,"{0: 12, 1: 0, 2: 0, 3: 0, 4: 0}",1
598,False,"{'a': 0.9, 'e': 0.002453840721672347}",20,16,8.052967810351454,"{0: 4, 1: 0, 2: 0, 3: 0, 4: 0}",1
599,False,"{'a': 0.9, 'e': 0.0024293023144556234}",20,15,11.503795987761068,"{0: 5, 1: 0, 2: 0, 3: 0, 4: 0}",1
600,False,"{'a': 0.9, 'e': 0.0024050092913110673}",20,16,6.816266195576131,"{0: 4, 1: 0, 2: 0, 3: 0, 4: 0}",1
601,False,"{'a': 0.9, 'e': 0.0023809591983979567}",25,10,14.397911046668032,"{0: 14, 1: 0, 2: 1, 3: 0, 4: 0}",1
602,False,"{'a': 0.9, 'e': 0.002357149606413977}",20,9,17.514414684049957,"{0: 11, 1: 0, 2: 0, 3: 0, 4: 0}",1
603,False,"{'a': 0.9, 'e': 0.002333578110349837}",20,0,37.09147618555784,"{0: 20, 1: 0, 2: 0, 3: 0, 4: 0}",0
604,False,"{'a': 0.9, 'e': 0.0023102423292463386}",20,9,22.957281642035866,"{0: 11, 1: 0, 2: 0, 3: 0, 4: 0}",1
605,False,"{'a': 0.9, 'e': 0.0022871399059538754}",30,19,19.268790938895705,"{0: 11, 1: 0, 2: 0, 3: 0, 4: 0}",1
606,False,"{'a': 0.9, 'e': 0.0022642685068943367}",20,9,20.17422144518623,"{0: 11, 1: 0, 2: 0, 3: 0, 4: 0}",1
607,False,"{'a': 0.9, 'e': 0.002241625821825393}",25,14,18.210865871842874,"{0: 11, 1: 0, 2: 0, 3: 0, 4: 0}",1
608,False,"{'a': 0.9, 'e': 0.0022192095636071395}",20,6,29.444330857121336,"{0: 14, 1: 0, 2: 0, 3: 0, 4: 0}",1
609,False,"{'a': 0.9, 'e': 0.002197017467971068}",20,13,13.024906202655508,"{0: 7, 1: 0, 2: 0, 3: 0, 4: 0}",1
610,False,"{'a': 0.9, 'e': 0.002175047293291357}",20,3,25.683311619778195,"{0: 17, 1: 0, 2: 0, 3: 0, 4: 0}",1
611,False,"{'a': 0.9, 'e': 0.002153296820358444}",20,0,31.711000827994646,"{0: 20, 1: 0, 2: 0, 3: 0, 4: 0}",0
612,False,"{'a': 0.9, 'e': 0.0021317638521548593}",20,16,6.768960417374294,"{0: 4, 1: 0, 2: 0, 3: 0, 4: 0}",1
613,False,"{'a': 0.9, 'e': 0.0021104462136333105}",35,18,30.016521819147208,"{0: 17, 1: 0, 2: 0, 3: 0, 4: 0}",1
614,False,"{'a': 0.9, 'e': 0.0020893417514969773}",25,13,10.759069334833267,"{0: 11, 1: 0, 2: 1, 3: 0, 4: 0}",1
615,False,"{'a': 0.9, 'e': 0.0020684483339820075}",20,10,15.742712656679252,"{0: 10, 1: 0, 2: 0, 3: 0, 4: 0}",1
616,False,"{'a': 0.9, 'e': 0.0020477638506421875}",25,17,13.851279227844348,"{0: 8, 1: 0, 2: 0, 3: 0, 4: 0}",1
617,False,"{'a': 0.9, 'e': 0.0020272862121357657}",20,11,17.733409248382912,"{0: 9, 1: 0, 2: 0, 3: 0, 4: 0}",1
618,False,"{'a': 0.9, 'e': 0.002007013350014408}",25,11,27.016671409422475,"{0: 14, 1: 0, 2: 0, 3: 0, 4: 0}",1
619,False,"{'a': 0.9, 'e': 0.0019869432165142637}",20,14,11.873608509372058,"{0: 6, 1: 0, 2: 0, 3: 0, 4: 0}",1
620,False,"{'a': 0.9, 'e': 0.001967073784349121}",20,8,23.408206804153362,"{0: 12, 1: 0, 2: 0, 3: 0, 4: 0}",1
621,False,"{'a': 0.9, 'e': 0.00194740304650563}",20,8,23.029922734800362,"{0: 12, 1: 0, 2: 0, 3: 0, 4: 0}",1
622,False,"{'a': 0.9, 'e': 0.0019279290160405737}",20,14,12.426274254174984,"{0: 6, 1: 0, 2: 0, 3: 0, 4: 0}",1
623,False,"{'a': 0.9, 'e': 0.001908649725880168}",25,12,24.144531837861248,"{0: 13, 1: 0, 2: 0, 3: 0, 4: 0}",1
624,False,"{'a': 0.9, 'e': 0.0018895632286213661}",30,22,14.484280409586008,"{0: 8, 1: 0, 2: 0, 3: 0, 4: 0}",1
625,False,"{'a': 0.9, 'e': 0.0018706675963351526}",25,2,36.15106160280894,"{0: 23, 1: 0, 2: 0, 3: 0, 4: 0}",1
626,False,"{'a': 0.9, 'e': 0.001851960920371801}",35,22,27.889673022517098,"{0: 13, 1: 0, 2: 0, 3: 0, 4: 0}",1
627,False,"{'a': 0.9, 'e': 0.001833441311168083}",25,18,14.450405405346133,"{0: 7, 1: 0, 2: 0, 3: 0, 4: 0}",1
628,False,"{'a': 0.9, 'e': 0.0018151068980564022}",20,16,6.255850138896509,"{0: 4, 1: 0, 2: 0, 3: 0, 4: 0}",1
629,False,"{'a': 0.9, 'e': 0.001796955829075838}",25,16,17.408574201136087,"{0: 9, 1: 0, 2: 0, 3: 0, 4: 0}",1
630,False,"{'a': 0.9, 'e': 0.0017789862707850797}",20,8,25.777108043443864,"{0: 12, 1: 0, 2: 0, 3: 0, 4: 0}",1
631,False,"{'a': 0.9, 'e': 0.001761196408077229}",35,20,34.139109792753416,"{0: 15, 1: 0, 2: 0, 3: 0, 4: 0}",1
632,False,"{'a': 0.9, 'e': 0.0017435844439964566}",20,8,20.329942645029263,"{0: 12, 1: 0, 2: 0, 3: 0, 4: 0}",1
633,False,"{'a': 0.9, 'e': 0.001726148599556492}",20,9,21.899692586105374,"{0: 11, 1: 0, 2: 0, 3: 0, 4: 0}",1
634,False,"{'a': 0.9, 'e': 0.001708887113560927}",20,15,9.485363638436842,"{0: 5, 1: 0, 2: 0, 3: 0, 4: 0}",1
635,False,"{'a': 0.9, 'e': 0.0016917982424253177}",20,13,14.633522900723145,"{0: 7, 1: 0, 2: 0, 3: 0, 4: 0}",1
636,False,"{'a': 0.9, 'e': 0.0016748802600010646}",30,15,29.886559634306305,"{0: 15, 1: 0, 2: 0, 3: 0, 4: 0}",1
637,False,"{'a': 0.9, 'e': 0.0016581314574010539}",25,19,11.854204552439086,"{0: 6, 1: 0, 2: 0, 3: 0, 4: 0}",1
638,False,"{'a': 0.9, 'e': 0.0016415501428270432}",25,8,33.68209400302034,"{0: 17, 1: 0, 2: 0, 3: 0, 4: 0}",1
639,False,"{'a': 0.9, 'e': 0.001625134641398773}",35,21,27.47548481830035,"{0: 14, 1: 0, 2: 0, 3: 0, 4: 0}",1
640,False,"{'a': 0.9, 'e': 0.001608883294984785}",20,10,16.47456151335996,"{0: 10, 1: 0, 2: 0, 3: 0, 4: 0}",1
641,False,"{'a': 0.9, 'e': 0.0015927944620349372}",20,14,11.284224320602602,"{0: 6, 1: 0, 2: 0, 3: 0, 4: 0}",1
642,False,"{'a': 0.9, 'e': 0.0015768665174145879}",25,8,32.442810802775384,"{0: 17, 1: 0, 2: 0, 3: 0, 4: 0}",1
643,False,"{'a': 0.9, 'e': 0.001561097852240442}",20,7,18.92236789316865,"{0: 13, 1: 0, 2: 0, 3: 0, 4: 0}",1
644,False,"{'a': 0.9, 'e': 0.0015454868737180376}",20,10,21.238862141477878,"{0: 10, 1: 0, 2: 0, 3: 0, 4: 0}",1
645,False,"{'a': 0.9, 'e': 0.001530032004980857}",20,0,29.95056741064831,"{0: 20, 1: 0, 2: 0, 3: 0, 4: 0}",0
646,False,"{'a': 0.9, 'e': 0.0015147316849310486}",35,9,41.11512041051077,"{0: 26, 1: 0, 2: 0, 3: 0, 4: 0}",1
647,False,"{'a': 0.9, 'e': 0.001499584368081738}",25,13,23.478068863239024,"{0: 12, 1: 0, 2: 0, 3: 0, 4: 0}",1
648,False,"{'a': 0.9, 'e': 0.0014845885244009207}",20,12,17.435624180470526,"{0: 8, 1: 0, 2: 0, 3: 0, 4: 0}",1
649,False,"{'a': 0.9, 'e': 0.0014697426391569114}",20,14,12.038538921419912,"{0: 6, 1: 0, 2: 0, 3: 0, 4: 0}",1
650,False,"{'a': 0.9, 'e': 0.0014550452127653423}",25,14,22.79360033911191,"{0: 11, 1: 0, 2: 0, 3: 0, 4: 0}",1
651,False,"{'a': 0.9, 'e': 0.001440494760637689}",25,13,21.14933604494206,"{0: 12, 1: 0, 2: 0, 3: 0, 4: 0}",1
652,False,"{'a': 0.9, 'e': 0.001426089813031312}",20,6,26.642522539609786,"{0: 14, 1: 0, 2: 0, 3: 0, 4: 0}",1
653,False,"{'a': 0.9, 'e': 0.0014118289149009989}",20,16,8.153128261287423,"{0: 4, 1: 0, 2: 0, 3: 0, 4: 0}",1
654,False,"{'a': 0.9, 'e': 0.001397710625751989}",25,13,15.032734571705507,"{0: 12, 1: 0, 2: 0, 3: 0, 4: 0}",1
655,False,"{'a': 0.9, 'e': 0.001383733519494469}",30,23,14.028745393559547,"{0: 7, 1: 0, 2: 0, 3: 0, 4: 0}",1
656,False,"{'a': 0.9, 'e': 0.0013698961842995242}",30,16,27.68897674948834,"{0: 14, 1: 0, 2: 0, 3: 0, 4: 0}",1
657,False,"{'a': 0.9, 'e': 0.001356197222456529}",30,18,23.977604494652116,"{0: 12, 1: 0, 2: 0, 3: 0, 4: 0}",1
658,False,"{'a': 0.9, 'e': 0.0013426352502319636}",30,16,24.35511306148668,"{0: 14, 1: 0, 2: 0, 3: 0, 4: 0}",1
659,False,"{'a': 0.9, 'e': 0.001329208897729644}",20,2,29.91199765415938,"{0: 18, 1: 0, 2: 0, 3: 0, 4: 0}",1
660,False,"{'a': 0.9, 'e': 0.0013159168087523475}",30,24,10.776732687779715,"{0: 6, 1: 0, 2: 0, 3: 0, 4: 0}",1
661,False,"{'a': 0.9, 'e': 0.0013027576406648242}",35,25,20.382834868537312,"{0: 10, 1: 0, 2: 0, 3: 0, 4: 0}",1
662,False,"{'a': 0.9, 'e': 0.0012897300642581758}",30,22,14.121504770529974,"{0: 8, 1: 0, 2: 0, 3: 0, 4: 0}",1
663,False,"{'a': 0.9, 'e': 0.001276832763615594}",30,21,17.92163952351164,"{0: 9, 1: 0, 2: 0, 3: 0, 4: 0}",1
664,False,"{'a': 0.9, 'e': 0.0012640644359794382}",30,10,33.166476461193085,"{0: 20, 1: 0, 2: 0, 3: 0, 4: 0}",1
665,False,"{'a': 0.9, 'e': 0.0012514237916196437}",20,8,21.97727701328768,"{0: 12, 1: 0, 2: 0, 3: 0, 4: 0}",1
666,False,"{'a': 0.9, 'e': 0.0012389095537034473}",25,12,25.88551475086532,"{0: 13, 1: 0, 2: 0, 3: 0, 4: 0}",1
667,False,"{'a': 0.9, 'e': 0.0012265204581664128}",25,14,20.81088345259247,"{0: 11, 1: 0, 2: 0, 3: 0, 4: 0}",1
668,False,"{'a': 0.9, 'e': 0.0012142552535847487}",30,13,32.12965655947159,"{0: 17, 1: 0, 2: 0, 3: 0, 4: 0}",1
669,False,"{'a': 0.9, 'e': 0.0012021127010489012}",20,6,24.468003256558845,"{0: 14, 1: 0, 2: 0, 3: 0, 4: 0}",1
670,False,"{'a': 0.9, 'e': 0.0011900915740384122}",25,17,13.935747263224718,"{0: 8, 1: 0, 2: 0, 3: 0, 4: 0}",1
671,False,"{'a': 0.9, 'e': 0.001178190658298028}",30,13,32.845952760447055,"{0: 17, 1: 0, 2: 0, 3: 0, 4: 0}",1
672,False,"{'a': 0.9, 'e': 0.0011664087517150477}",20,6,24.615806713402208,"{0: 14, 1: 0, 2: 0, 3: 0, 4: 0}",1
673,False,"{'a': 0.9, 'e': 0.0011547446641978973}",20,14,12.557477331656138,"{0: 6, 1: 0, 2: 0, 3: 0, 4: 0}",1
674,False,"{'a': 0.9, 'e': 0.0011431972175559183}",25,14,19.306870962702863,"{0: 11, 1: 0, 2: 0, 3: 0, 4: 0}",1
675,False,"{'a': 0.9, 'e': 0.0011317652453803591}",25,11,24.220680086913582,"{0: 14, 1: 0, 2: 0, 3: 0, 4: 0}",1
676,False,"{'a': 0.9, 'e': 0.0011204475929265554}",30,11,34.47019107772156,"{0: 19, 1: 0, 2: 0, 3: 0, 4: 0}",1
677,False,"{'a': 0.9, 'e': 0.0011092431169972899}",25,8,30.517935672459977,"{0: 17, 1: 0, 2: 0, 3: 0, 4: 0}",1
678,False,"{'a': 0.9, 'e': 0.001098150685827317}",35,18,37.56359079660574,"{0: 17, 1: 0, 2: 0, 3: 0, 4: 0}",1
679,False,"{'a': 0.9, 'e': 0.0010871691789690438}",25,13,25.784715876246246,"{0: 12, 1: 0, 2: 0, 3: 0, 4: 0}",1
680,False,"{'a': 0.9, 'e': 0.0010762974871793534}",25,11,25.287681187399404,"{0: 14, 1: 0, 2: 0, 3: 0, 4: 0}",1
681,False,"{'a': 0.9, 'e': 0.0010655345123075598}",25,9,34.51740080825624,"{0: 16, 1: 0, 2: 0, 3: 0, 4: 0}",1
682,False,"{'a': 0.9, 'e': 0.0010548791671844842}",20,8,18.35429343758917,"{0: 12, 1: 0, 2: 0, 3: 0, 4: 0}",1
683,False,"{'a': 0.9, 'e': 0.0010443303755126394}",20,6,23.495472539552065,"{0: 14, 1: 0, 2: 0, 3: 0, 4: 0}",1
684,False,"{'a': 0.9, 'e': 0.001033887071757513}",30,19,22.93797349092844,"{0: 11, 1: 0, 2: 0, 3: 0, 4: 0}",1
685,False,"{'a': 0.9, 'e': 0.0010235482010399377}",20,16,7.247492733095958,"{0: 4, 1: 0, 2: 0, 3: 0, 4: 0}",1
686,False,"{'a': 0.9, 'e': 0.0010133127190295385}",30,13,33.43467333385395,"{0: 17, 1: 0, 2: 0, 3: 0, 4: 0}",1
687,False,"{'a': 0.9, 'e': 0.001003179591839243}",30,18,25.033506507425614,"{0: 12, 1: 0, 2: 0, 3: 0, 4: 0}",1
688,False,"{'a': 0.9, 'e': 0.0009931477959208507}",25,16,15.528677590132025,"{0: 9, 1: 0, 2: 0, 3: 0, 4: 0}",1
1,True,"{'a': 0.0, 'e': 0.0}",20,7,25.476230544788976,"{0: 13, 1: 0, 2: 0, 3: 0, 4: 0}",1
2,True,"{'a': 0.0, 'e': 0.0}",25,13,25.605757800695393,"{0: 12, 1: 0, 2: 0, 3: 0, 4: 0}",1
3,True,"{'a': 0.0, 'e': 0.0}",25,12,26.968887720860554,"{0: 13, 1: 0, 2: 0, 3: 0, 4: 0}",1
4,True,"{'a': 0.0, 'e': 0.0}",30,16,30.166675883148258,"{0: 14, 1: 0, 2: 0, 3: 0, 4: 0}",1
5,True,"{'a': 0.0, 'e': 0.0}",35,15,37.55082404727786,"{0: 20, 1: 0, 2: 0, 3: 0, 4: 0}",1
6,True,"{'a': 0.0, 'e': 0.0}",35,19,27.616250637460634,"{0: 16, 1: 0, 2: 0, 3: 0, 4: 0}",1
7,True,"{'a': 0.0, 'e': 0.0}",20,8,24.19211212947109,"{0: 12, 1: 0, 2: 0, 3: 0, 4: 0}",1
8,True,"{'a': 0.0, 'e': 0.0}",25,5,35.963909003667425,"{0: 20, 1: 0, 2: 0, 3: 0, 4: 0}",1
9,True,"{'a': 0.0, 'e': 0.0}",20,5,27.92073369958749,"{0: 15, 1: 0, 2: 0, 3: 0, 4: 0}",1
10,True,"{'a': 0.0, 'e': 0.0}",20,15,12.90021291537119,"{0: 5, 1: 0, 2: 0, 3: 0, 4: 0}",1
11,True,"{'a': 0.0, 'e': 0.0}",25,17,16.357401591981805,"{0: 8, 1: 0, 2: 0, 3: 0, 4: 0}",1
12,True,"{'a': 0.0, 'e': 0.0}",20,5,26.45203839906874,"{0: 15, 1: 0, 2: 0, 3: 0, 4: 0}",1
13,True,"{'a': 0.0, 'e': 0.0}",20,12,15.201406607752183,"{0: 8, 1: 0, 2: 0, 3: 0, 4: 0}",1
14,True,"{'a': 0.0, 'e': 0.0}",25,3,34.78546080906518,"{0: 22, 1: 0, 2: 0, 3: 0, 4: 0}",1
15,True,"{'a': 0.0, 'e': 0.0}",20,10,17.669737525681782,"{0: 10, 1: 0, 2: 0, 3: 0, 4: 0}",1
16,True,"{'a': 0.0, 'e': 0.0}",30,23,13.158547307392631,"{0: 7, 1: 0, 2: 0, 3: 0, 4: 0}",1
17,True,"{'a': 0.0, 'e': 0.0}",20,12,14.452958590749127,"{0: 8, 1: 0, 2: 0, 3: 0, 4: 0}",1
18,True,"{'a': 0.0, 'e': 0.0}",30,19,22.023393594347233,"{0: 11, 1: 0, 2: 0, 3: 0, 4: 0}",1
19,True,"{'a': 0.0, 'e': 0.0}",30,10,38.65133040820972,"{0: 20, 1: 0, 2: 0, 3: 0, 4: 0}",1
20,True,"{'a': 0.0, 'e': 0.0}",25,11,25.57159804233463,"{0: 14, 1: 0, 2: 0, 3: 0, 4: 0}",1
21,True,"{'a': 0.0, 'e': 0.0}",35,13,40.454095624549524,"{0: 22, 1: 0, 2: 0, 3: 0, 4: 0}",1
22,True,"{'a': 0.0, 'e': 0.0}",30,18,23.89453230114478,"{0: 12, 1: 0, 2: 0, 3: 0, 4: 0}",1
23,True,"{'a': 0.0, 'e': 0.0}",20,11,16.877431731575026,"{0: 9, 1: 0, 2: 0, 3: 0, 4: 0}",1
24,True,"{'a': 0.0, 'e': 0.0}",25,13,22.175311039102024,"{0: 12, 1: 0, 2: 0, 3: 0, 4: 0}",1
25,True,"{'a': 0.0, 'e': 0.0}",25,9,29.090663009216154,"{0: 16, 1: 0, 2: 0, 3: 0, 4: 0}",1
26,True,"{'a': 0.0, 'e': 0.0}",20,10,19.663319407382666,"{0: 10, 1: 0, 2: 0, 3: 0, 4: 0}",1
27,True,"{'a': 0.0, 'e': 0.0}",35,22,23.46945335288119,"{0: 13, 1: 0, 2: 0, 3: 0, 4: 0}",1
28,True,"{'a': 0.0, 'e': 0.0}",20,8,21.108098800412932,"{0: 12, 1: 0, 2: 0, 3: 0, 4: 0}",1
29,True,"{'a': 0.0, 'e': 0.0}",20,13,11.802139105135552,"{0: 7, 1: 0, 2: 0, 3: 0, 4: 0}",1
30,True,"{'a': 0.0, 'e': 0.0}",20,8,19.827233188918584,"{0: 12, 1: 0, 2: 0, 3: 0, 4: 0}",1
31,True,"{'a': 0.0, 'e': 0.0}",20,8,25.44881981870968,"{0: 12, 1: 0, 2: 0, 3: 0, 4: 0}",1
32,True,"{'a': 0.0, 'e': 0.0}",25,15,17.9477972597269,"{0: 10, 1: 0, 2: 0, 3: 0, 4: 0}",1
33,True,"{'a': 0.0, 'e': 0.0}",35,22,29.831729278077212,"{0: 13, 1: 0, 2: 0, 3: 0, 4: 0}",1
34,True,"{'a': 0.0, 'e': 0.0}",25,16,12.745622174729023,"{0: 9, 1: 0, 2: 0, 3: 0, 4: 0}",1
35,True,"{'a': 0.0, 'e': 0.0}",20,16,7.933007740535137,"{0: 4, 1: 0, 2: 0, 3: 0, 4: 0}",1
36,True,"{'a': 0.0, 'e': 0.0}",30,16,26.421946430697492,"{0: 14, 1: 0, 2: 0, 3: 0, 4: 0}",1
37,True,"{'a': 0.0, 'e': 0.0}",25,20,9.978856604074618,"{0: 5, 1: 0, 2: 0, 3: 0, 4: 0}",1
38,True,"{'a': 0.0, 'e': 0.0}",25,8,28.2093590714039,"{0: 17, 1: 0, 2: 0, 3: 0, 4: 0}",1
39,True,"{'a': 0.0, 'e': 0.0}",25,17,11.81051825260246,"{0: 8, 1: 0, 2: 0, 3: 0, 4: 0}",1
40,True,"{'a': 0.0, 'e': 0.0}",20,9,20.291495558053462,"{0: 11, 1: 0, 2: 0, 3: 0, 4: 0}",1
41,True,"{'a': 0.0, 'e': 0.0}",20,9,18.8434469326767,"{0: 11, 1: 0, 2: 0, 3: 0, 4: 0}",1
42,True,"{'a': 0.0, 'e': 0.0}",20,12,13.562772111620323,"{0: 8, 1: 0, 2: 0, 3: 0, 4: 0}",1
43,True,"{'a': 0.0, 'e': 0.0}",25,7,33.020965032923684,"{0: 18, 1: 0, 2: 0, 3: 0, 4: 0}",1
44,True,"{'a': 0.0, 'e': 0.0}",20,8,22.22910867435927,"{0: 12, 1: 0, 2: 0, 3: 0, 4: 0}",1
45,True,"{'a': 0.0, 'e': 0.0}",20,14,10.915760698001558,"{0: 6, 1: 0, 2: 0, 3: 0, 4: 0}",1
46,True,"{'a': 0.0, 'e': 0.0}",20,8,21.74870050146932,"{0: 12, 1: 0, 2: 0, 3: 0, 4: 0}",1
47,True,"{'a': 0.0, 'e': 0.0}",25,17,16.65437719383628,"{0: 8, 1: 0, 2: 0, 3: 0, 4: 0}",1
48,True,"{'a': 0.0, 'e': 0.0}",30,23,13.821765543681066,"{0: 7, 1: 0, 2: 0, 3: 0, 4: 0}",1
49,True,"{'a': 0.0, 'e': 0.0}",20,11,17.72551762794138,"{0: 9, 1: 0, 2: 0, 3: 0, 4: 0}",1
50,True,"{'a': 0.0, 'e': 0.0}",25,12,21.93145527397454,"{0: 13, 1: 0, 2: 0, 3: 0, 4: 0}",1
51,True,"{'a': 0.0, 'e': 0.0}",25,18,10.903679701091733,"{0: 7, 1: 0, 2: 0, 3: 0, 4: 0}",1
52,True,"{'a': 0.0, 'e': 0.0}",25,13,25.372506095344335,"{0: 12, 1: 0, 2: 0, 3: 0, 4: 0}",1
53,True,"{'a': 0.0, 'e': 0.0}",20,2,31.064539824367017,"{0: 18, 1: 0, 2: 0, 3: 0, 4: 0}",1
54,True,"{'a': 0.0, 'e': 0.0}",20,6,21.2839820190068,"{0: 14, 1: 0, 2: 0, 3: 0, 4: 0}",1
55,True,"{'a': 0.0, 'e': 0.0}",20,11,18.379480318683143,"{0: 9, 1: 0, 2: 0, 3: 0, 4: 0}",1
56,True,"{'a': 0.0, 'e': 0.0}",30,17,22.75846154107863,"{0: 13, 1: 0, 2: 0, 3: 0, 4: 0}",1
57,True,"{'a': 0.0, 'e': 0.0}",25,12,25.05803477455164,"{0: 13, 1: 0, 2: 0, 3: 0, 4: 0}",1
58,True,"{'a': 0.0, 'e': 0.0}",25,19,10.548766816504605,"{0: 6, 1: 0, 2: 0, 3: 0, 4: 0}",1
59,True,"{'a': 0.0, 'e': 0.0}",30,19,22.01433048665253,"{0: 11, 1: 0, 2: 0, 3: 0, 4: 0}",1
60,True,"{'a': 0.0, 'e': 0.0}",20,12,16.69942287478448,"{0: 8, 1: 0, 2: 0, 3: 0, 4: 0}",1
61,True,"{'a': 0.0, 'e': 0.0}",35,25,22.436916430723567,"{0: 10, 1: 0, 2: 0, 3: 0, 4: 0}",1
62,True,"{'a': 0.0, 'e': 0.0}",25,16,17.553331816656765,"{0: 9, 1: 0, 2: 0, 3: 0, 4: 0}",1
63,True,"{'a': 0.0, 'e': 0.0}",30,22,13.718410540615483,"{0: 8, 1: 0, 2: 0, 3: 0, 4: 0}",1
64,True,"{'a': 0.0, 'e': 0.0}",20,8,24.303944909194435,"{0: 12, 1: 0, 2: 0, 3: 0, 4: 0}",1
65,True,"{'a': 0.0, 'e': 0.0}",20,14,14.002521827242589,"{0: 6, 1: 0, 2: 0, 3: 0, 4: 0}",1
66,True,"{'a': 0.0, 'e': 0.0}",20,5,26.83754236874714,"{0: 15, 1: 0, 2: 0, 3: 0, 4: 0}",1
67,True,"{'a': 0.0, 'e': 0.0}",30,13,35.757954724750725,"{0: 17, 1: 0, 2: 0, 3: 0, 4: 0}",1
68,True,"{'a': 0.0, 'e': 0.0}",30,10,37.94767109808514,"{0: 20, 1: 0, 2: 0, 3: 0, 4: 0}",1
69,True,"{'a': 0.0, 'e': 0.0}",30,15,27.66036473119504,"{0: 15, 1: 0, 2: 0, 3: 0, 4: 0}",1
70,True,"{'a': 0.0, 'e': 0.0}",20,10,17.902447109737075,"{0: 10, 1: 0, 2: 0, 3: 0, 4: 0}",1
71,True,"{'a': 0.0, 'e': 0.0}",20,14,11.027761211944588,"{0: 6, 1: 0, 2: 0, 3: 0, 4: 0}",1
72,True,"{'a': 0.0, 'e': 0.0}",25,14,18.553556064764358,"{0: 11, 1: 0, 2: 0, 3: 0, 4: 0}",1
73,True,"{'a': 0.0, 'e': 0.0}",25,13,21.96824274316982,"{0: 12, 1: 0, 2: 0, 3: 0, 4: 0}",1
74,True,"{'a': 0.0, 'e': 0.0}",25,17,13.149088370005389,"{0: 8, 1: 0, 2: 0, 3: 0, 4: 0}",1
75,True,"{'a': 0.0, 'e': 0.0}",20,8,23.98319916456639,"{0: 12, 1: 0, 2: 0, 3: 0, 4: 0}",1
76,True,"{'a': 0.0, 'e': 0.0}",20,11,15.316039426352472,"{0: 9, 1: 0, 2: 0, 3: 0, 4: 0}",1
77,True,"{'a': 0.0, 'e': 0.0}",20,15,8.416755624530701,"{0: 5, 1: 0, 2: 0, 3: 0, 4: 0}",1
78,True,"{'a': 0.0, 'e': 0.0}",25,16,20.060636766737066,"{0: 9, 1: 0, 2: 0, 3: 0, 4: 0}",1
79,True,"{'a': 0.0, 'e': 0.0}",20,15,9.937630594576621,"{0: 5, 1: 0, 2: 0, 3: 0, 4: 0}",1
80,True,"{'a': 0.0, 'e': 0.0}",20,12,16.22001699711576,"{0: 8, 1: 0, 2: 0, 3: 0, 4: 0}",1
81,True,"{'a': 0.0, 'e': 0.0}",20,13,14.215284344151645,"{0: 7, 1: 0, 2: 0, 3: 0, 4: 0}",1
82,True,"{'a': 0.0, 'e': 0.0}",25,13,21.993943424678164,"{0: 12, 1: 0, 2: 0, 3: 0, 4: 0}",1
83,True,"{'a': 0.0, 'e': 0.0}",25,17,14.238895516827318,"{0: 8, 1: 0, 2: 0, 3: 0, 4: 0}",1
84,True,"{'a': 0.0, 'e': 0.0}",25,13,22.522414480655932,"{0: 12, 1: 0, 2: 0, 3: 0, 4: 0}",1
85,True,"{'a': 0.0, 'e': 0.0}",20,14,13.450187432065139,"{0: 6, 1: 0, 2: 0, 3: 0, 4: 0}",1
86,True,"{'a': 0.0, 'e': 0.0}",30,18,25.207855308213425,"{0: 12, 1: 0, 2: 0, 3: 0, 4: 0}",1
87,True,"{'a': 0.0, 'e': 0.0}",25,9,31.431538192110974,"{0: 16, 1: 0, 2: 0, 3: 0, 4: 0}",1
88,True,"{'a': 0.0, 'e': 0.0}",25,17,15.207648320145074,"{0: 8, 1: 0, 2: 0, 3: 0, 4: 0}",1
89,True,"{'a': 0.0, 'e': 0.0}",20,11,19.994631669192422,"{0: 9, 1: 0, 2: 0, 3: 0, 4: 0}",1
90,True,"{'a': 0.0, 'e': 0.0}",30,21,18.584239219024006,"{0: 9, 1: 0, 2: 0, 3: 0, 4: 0}",1
91,True,"{'a': 0.0, 'e': 0.0}",20,16,5.810525891065827,"{0: 4, 1: 0, 2: 0, 3: 0, 4: 0}",1
92,True,"{'a': 0.0, 'e': 0.0}",30,10,33.9541496509395,"{0: 20, 1: 0, 2: 0, 3: 0, 4: 0}",1
93,True,"{'a': 0.0, 'e': 0.0}",20,3,35.79490495299065,"{0: 17, 1: 0, 2: 0, 3: 0, 4: 0}",1
94,True,"{'a': 0.0, 'e': 0.0}",20,15,7.121262487181562,"{0: 5, 1: 0, 2: 0, 3: 0, 4: 0}",1
95,True,"{'a': 0.0, 'e': 0.0}",20,6,25.59838948653711,"{0: 14, 1: 0, 2: 0, 3: 0, 4: 0}",1
96,True,"{'a': 0.0, 'e': 0.0}",30,13,32.985916444102855,"{0: 17, 1: 0, 2: 0, 3: 0, 4: 0}",1
97,True,"{'a': 0.0, 'e': 0.0}",20,10,21.21710636034229,"{0: 10, 1: 0, 2: 0, 3: 0, 4: 0}",1
98,True,"{'a': 0.0, 'e': 0.0}",35,15,36.67899494598294,"{0: 20, 1: 0, 2: 0, 3: 0, 4: 0}",1
99,True,"{'a': 0.0, 'e': 0.0}",25,7,36.90018949921714,"{0: 18, 1: 0, 2: 0, 3: 0, 4: 0}",1
100,True,"{'a': 0.0, 'e': 0.0}",20,13,9.654128716510563,"{0: 7, 1: 0, 2: 0, 3: 0, 4: 0}",1
